App,Repository,SHA,Tag,TestFilePath,codeChurnTotal,codeChurnMax,codeChurnAvg,commits,Contributors,minorContributors,contributorsExperience,addLinesCount,addLinesMax,addLinesAvg,removedLinesCount,removedLinesMax,removedLinesAvg,codeChurnTotal_P,codeChurnMax_P,codeChurnAvg_P,commits_P,Contributors_P,minorContributors_P,contributorsExperience_P,addLinesCount_P,addLinesMax_P,addLinesAvg_P,removedLinesCount_P,removedLinesMax_P,removedLinesAvg_P,NumberOfMethods,Assertion Roulette,Conditional Test Logic,Constructor Initialization,Default Test,EmptyTest,Exception Catching Throwing,General Fixture,Mystery Guest,Print Statement,Redundant Assertion,Sensitive Equality,Verbose Test,Sleepy Test,Eager Test,Lazy Test,Duplicate Assert,Unknown Test,IgnoredTest,Resource Optimism,Magic Number Test,Dependent Test,LOC,NOM,WMC,RFC,NAs,AsD,isRefactored
graphhopper/graphhopper,https://github.com/graphhopper/graphhopper.git,0930c1647c1a47a610b1933c3134c9452c32f787,"7.0-pre1, 7.0-pre2",core/src/test/java/com/graphhopper/reader/osm/OSMReaderTest.java,-20,1,-2,8,1,0,100.0,7,2,1,27,23,3,-20.0,41.0,-7.0,3.0,1.0,0.0,100.0,105.0,88.0,35.0,125.0,75.0,42.0,36,25,4,0,0,0,2,0,0,0,0,2,0,0,2.0,10.0,11,3,0,3,31,0,605,39,56,358,0.36,219.0,False
graphhopper/graphhopper,https://github.com/graphhopper/graphhopper.git,0930c1647c1a47a610b1933c3134c9452c32f787,"7.0-pre1, 7.0-pre2",core/src/test/java/com/graphhopper/GraphHopperTest.java,0,4,0,7,1,0,100.0,154,27,22,154,27,22,17.0,14.0,1.0,14.0,2.0,0.0,86.78,122.0,43.0,9.0,105.0,32.0,8.0,83,36,5,0,0,0,0,0,0,0,0,20,0,0,58.0,451.0,26,10,3,0,67,0,1507,87,118,1260,0.31,464.0,True
graphhopper/graphhopper,https://github.com/graphhopper/graphhopper.git,5c06103bc65f315a59e2904e3429cb6af99fb5eb,"5.0-pre1, 5.0-pre2",core/src/test/java/com/graphhopper/GraphHopperTest.java,0,0,0,2,1,0,100.0,5,3,2,5,3,2,,,,,,,,,,,,,,77,33,5,0,0,0,0,0,0,0,0,17,0,0,55.0,417.0,23,10,2,0,64,0,1394,80,107,1156,0.31,437.0,True
graphhopper/graphhopper,https://github.com/graphhopper/graphhopper.git,5c06103bc65f315a59e2904e3429cb6af99fb5eb,"5.0-pre1, 5.0-pre2",core/src/test/java/com/graphhopper/reader/osm/OSMReaderUtilityTest.java,-11,-11,-11,1,1,0,100.0,8,8,8,19,19,19,-4.0,-4.0,-4.0,1.0,1.0,0.0,100.0,6.0,6.0,6.0,10.0,10.0,10.0,3,1,0,0,0,0,0,0,0,0,0,0,0,0,1.0,0.0,0,0,0,0,2,0,26,3,3,3,0.58,15.0,True
graphhopper/graphhopper,https://github.com/graphhopper/graphhopper.git,5c06103bc65f315a59e2904e3429cb6af99fb5eb,"5.0-pre1, 5.0-pre2",core/src/test/java/com/graphhopper/routing/util/FerrySpeedCalculatorTest.java,70,70,35,2,1,0,100.0,82,70,41,12,12,6,-7.0,-2.0,-4.0,2.0,1.0,0.0,100.0,29.0,25.0,14.0,36.0,27.0,18.0,2,0,0,0,0,0,0,0,0,0,0,0,0,0,0.0,0.0,0,0,1,0,0,0,30,2,3,5,0.03,1.0,False
graphhopper/graphhopper,https://github.com/graphhopper/graphhopper.git,6285f81c9678c074336d0e5ca16687f46ffbee23,"4.0-pre1, 4.0-pre2",core/src/test/java/com/graphhopper/routing/subnetwork/EdgeBasedTarjanSCCTest.java,33,33,33,1,1,0,100.0,34,34,34,1,1,1,4.0,4.0,4.0,1.0,1.0,0.0,100.0,4.0,4.0,4.0,0.0,0.0,0.0,14,10,3,0,0,0,0,0,0,0,0,0,0,0,,,2,0,0,0,10,0,177,14,19,156,0.32,57.0,False
graphhopper/graphhopper,https://github.com/graphhopper/graphhopper.git,6285f81c9678c074336d0e5ca16687f46ffbee23,"4.0-pre1, 4.0-pre2",core/src/test/java/com/graphhopper/GraphHopperTest.java,-1,0,0,3,1,0,100.0,36,16,12,37,17,12,7.0,8.0,4.0,2.0,2.0,0.0,88.61,43.0,39.0,22.0,36.0,31.0,18.0,73,32,4,0,0,0,0,0,0,0,0,17,0,0,54.0,390.0,20,9,2,0,62,0,1289,76,100,1097,0.32,411.0,True
graphhopper/graphhopper,https://github.com/graphhopper/graphhopper.git,6285f81c9678c074336d0e5ca16687f46ffbee23,"4.0-pre1, 4.0-pre2",core/src/test/java/com/graphhopper/routing/util/EncodingManagerTest.java,-5,0,-2,2,2,0,69.23,4,2,2,9,7,4,-2.0,-2.0,-2.0,1.0,1.0,0.0,100.0,1.0,1.0,1.0,3.0,3.0,3.0,11,6,2,0,0,0,2,0,0,0,0,1,0,0,9.0,49.0,4,0,0,0,11,0,188,18,36,75,0.21,40.0,False
graphhopper/graphhopper,https://github.com/graphhopper/graphhopper.git,8aaafa8a43e719dc9b3bc9c9200655667098aec1,"3.0-pre4, 3.0-pre5",core/src/test/java/com/graphhopper/routing/lm/LandmarkStorageTest.java,43,43,43,1,1,0,100.0,60,60,60,17,17,17,-48.0,-48.0,-48.0,1.0,1.0,0.0,100.0,78.0,78.0,78.0,126.0,126.0,126.0,11,7,0,0,0,0,0,8,0,0,0,5,0,0,8.0,29.0,2,0,0,0,8,0,163,18,33,90,0.13,21.0,True
graphhopper/graphhopper,https://github.com/graphhopper/graphhopper.git,8aaafa8a43e719dc9b3bc9c9200655667098aec1,"3.0-pre4, 3.0-pre5",core/src/test/java/com/graphhopper/GraphHopperTest.java,45,26,15,3,3,0,52.63,51,28,17,6,4,2,,,,,,,,,,,,,,73,31,4,0,0,0,0,0,0,0,0,17,0,0,53.0,383.0,17,9,2,0,61,0,1289,76,100,1101,0.32,411.0,False
graphhopper/graphhopper,https://github.com/graphhopper/graphhopper.git,8aaafa8a43e719dc9b3bc9c9200655667098aec1,"3.0-pre4, 3.0-pre5",core/src/test/java/com/graphhopper/routing/weighting/custom/CustomModelParserTest.java,35,35,35,1,1,0,100.0,46,46,46,11,11,11,22.0,22.0,22.0,1.0,1.0,0.0,100.0,55.0,55.0,55.0,33.0,33.0,33.0,11,2,0,0,0,0,0,0,0,0,0,0,0,0,2.0,15.0,2,0,2,0,7,0,110,11,13,83,0.24,26.0,False
graphhopper/graphhopper,https://github.com/graphhopper/graphhopper.git,af3307d90c2dfa7773d2697587dde16bbc5e3f80,"3.0-pre3, 3.0-pre4",core/src/test/java/com/graphhopper/routing/subnetwork/TarjanSCCTest.java,-7,0,-2,3,1,0,100.0,15,8,5,22,12,7,-10.0,9.0,-5.0,2.0,1.0,0.0,100.0,25.0,21.0,12.0,35.0,23.0,18.0,6,3,0,0,0,0,0,0,0,0,0,0,0,0,3.0,26.0,1,0,0,0,3,0,129,6,8,51,0.21,27.0,True
graphhopper/graphhopper,https://github.com/graphhopper/graphhopper.git,af3307d90c2dfa7773d2697587dde16bbc5e3f80,"3.0-pre3, 3.0-pre4",core/src/test/java/com/graphhopper/storage/index/LocationIndexTreeTest.java,-1,0,0,2,1,0,100.0,17,14,8,18,15,9,,,,,,,,,,,,,,24,10,4,0,0,0,0,0,0,0,0,0,0,0,,,2,1,0,0,16,0,390,26,40,193,0.12,46.0,True
graphhopper/graphhopper,https://github.com/graphhopper/graphhopper.git,af3307d90c2dfa7773d2697587dde16bbc5e3f80,"3.0-pre3, 3.0-pre4",core/src/test/java/com/graphhopper/routing/DijkstraBidirectionCHTest.java,-2,-2,-2,1,1,0,100.0,7,7,7,9,9,9,,,,,,,,,,,,,,9,3,1,1,0,0,0,0,0,0,0,3,0,0,0.0,3.0,1,2,0,0,5,0,120,10,16,83,0.16,19.0,True
graphhopper/graphhopper,https://github.com/graphhopper/graphhopper.git,af3307d90c2dfa7773d2697587dde16bbc5e3f80,"3.0-pre3, 3.0-pre4",core/src/test/java/com/graphhopper/routing/util/EncodingManagerTest.java,1,1,1,1,1,0,100.0,8,8,8,7,7,7,-27.0,-1.0,-14.0,2.0,1.0,0.0,100.0,87.0,86.0,44.0,114.0,112.0,57.0,11,6,2,0,0,0,2,0,0,0,0,1,0,0,9.0,49.0,4,0,0,0,11,0,191,19,38,75,0.21,40.0,False
graphhopper/graphhopper,https://github.com/graphhopper/graphhopper.git,af3307d90c2dfa7773d2697587dde16bbc5e3f80,"3.0-pre3, 3.0-pre4",core/src/test/java/com/graphhopper/routing/DirectionResolverTest.java,1,1,1,1,1,0,100.0,7,7,7,6,6,6,,,,,,,,,,,,,,24,0,0,0,0,0,0,0,0,0,0,0,0,0,0.0,0.0,0,17,0,0,17,0,238,24,31,104,0.0,0.0,True
graphhopper/graphhopper,https://github.com/graphhopper/graphhopper.git,af3307d90c2dfa7773d2697587dde16bbc5e3f80,"3.0-pre3, 3.0-pre4",core/src/test/java/com/graphhopper/routing/ch/PrepareContractionHierarchiesTest.java,0,0,0,1,1,0,100.0,14,14,14,14,14,14,,,,,,,,,,,,,,29,5,3,0,0,0,0,12,0,0,0,0,0,0,1.0,9.0,1,2,0,0,14,0,364,29,47,194,0.1,38.0,True
graphhopper/graphhopper,https://github.com/graphhopper/graphhopper.git,af3307d90c2dfa7773d2697587dde16bbc5e3f80,"3.0-pre3, 3.0-pre4",core/src/test/java/com/graphhopper/routing/lm/LMApproximatorTest.java,-10,-10,-10,1,1,0,100.0,9,9,9,19,19,19,,,,,,,,,,,,,,2,0,0,0,0,0,0,0,0,0,0,0,0,0,0.0,0.0,0,0,0,0,0,0,103,2,5,30,0.02,2.0,True
graphhopper/graphhopper,https://github.com/graphhopper/graphhopper.git,af3307d90c2dfa7773d2697587dde16bbc5e3f80,"3.0-pre3, 3.0-pre4",core/src/test/java/com/graphhopper/routing/util/FootFlagEncoderTest.java,0,0,0,1,1,0,100.0,14,14,14,14,14,14,,,,,,,,,,,,,,15,11,0,0,0,0,0,0,0,0,0,0,0,0,7.0,65.0,7,0,0,0,15,0,313,15,18,102,0.27,86.0,True
graphhopper/graphhopper,https://github.com/graphhopper/graphhopper.git,af3307d90c2dfa7773d2697587dde16bbc5e3f80,"3.0-pre3, 3.0-pre4",core/src/test/java/com/graphhopper/routing/util/WheelchairFlagEncoderTest.java,0,0,0,1,1,0,100.0,9,9,9,9,9,9,,,,,,,,,,,,,,13,10,0,0,0,0,0,0,0,0,0,0,0,0,7.0,75.0,6,0,0,0,12,0,381,13,15,96,0.31,120.0,True
graphhopper/graphhopper,https://github.com/graphhopper/graphhopper.git,af3307d90c2dfa7773d2697587dde16bbc5e3f80,"3.0-pre3, 3.0-pre4",core/src/test/java/com/graphhopper/util/DepthFirstSearchTest.java,-1,-1,-1,1,1,0,100.0,11,11,11,12,12,12,,,,,,,,,,,,,,3,2,0,0,0,0,0,0,0,0,0,2,0,0,0.0,2.0,0,0,0,0,2,0,65,7,14,34,0.12,8.0,True
graphhopper/graphhopper,https://github.com/graphhopper/graphhopper.git,af3307d90c2dfa7773d2697587dde16bbc5e3f80,"3.0-pre3, 3.0-pre4",core/src/test/java/com/graphhopper/routing/subnetwork/EdgeBasedTarjanSCCTest.java,22,25,4,6,2,0,75.0,101,44,17,79,32,13,161.0,163.0,32.0,5.0,2.0,0.0,77.93,264.0,218.0,53.0,103.0,55.0,21.0,13,9,3,0,0,0,0,0,0,0,0,0,0,0,,,1,0,0,0,9,0,175,13,18,156,0.33,57.0,True
graphhopper/graphhopper,https://github.com/graphhopper/graphhopper.git,af3307d90c2dfa7773d2697587dde16bbc5e3f80,"3.0-pre3, 3.0-pre4",core/src/test/java/com/graphhopper/routing/subnetwork/PrepareRoutingSubnetworksTest.java,-10,2,-3,3,2,1,96.39,175,153,58,185,164,62,-103.0,0.0,-17.0,6.0,2.0,1.0,95.25,96.0,84.0,16.0,199.0,104.0,33.0,10,5,0,0,0,0,0,0,0,0,0,0,0,0,5.0,20.0,3,0,0,0,5,0,160,10,23,107,0.15,24.0,True
graphhopper/graphhopper,https://github.com/graphhopper/graphhopper.git,9ba4f2d1df0c115299b031020f5069bb4e5ac034,"3.0-pre1, 3.0-pre2",reader-osm/src/test/java/com/graphhopper/reader/osm/GraphHopperOSMTest.java,-9,0,-4,2,1,0,100.0,58,31,29,67,40,34,-63.0,-12.0,-32.0,2.0,1.0,0.0,100.0,4.0,4.0,2.0,67.0,55.0,34.0,33,27,5,0,0,0,10,0,0,0,0,4,0,0,0.0,0.0,9,1,0,4,28,0,700,42,96,575,,,False
graphhopper/graphhopper,https://github.com/graphhopper/graphhopper.git,3546c2ef8bcd74c128f6598a2b2c775e2f5c8d65,"2.0-pre2, 2.0-pre3",core/src/test/java/com/graphhopper/routing/ch/PrepareContractionHierarchiesTest.java,-12,-12,-12,1,1,0,100.0,25,25,25,37,37,37,3.0,12.0,2.0,2.0,1.0,0.0,100.0,84.0,66.0,42.0,81.0,54.0,40.0,32,7,1,0,0,0,0,12,0,0,0,0,0,0,1.0,9.0,1,2,0,0,16,0,439,38,63,198,0.1,42.0,False
graphhopper/graphhopper,https://github.com/graphhopper/graphhopper.git,3546c2ef8bcd74c128f6598a2b2c775e2f5c8d65,"2.0-pre2, 2.0-pre3",core/src/test/java/com/graphhopper/routing/ch/EdgeBasedNodeContractorTest.java,24,24,24,1,1,0,100.0,166,166,166,142,142,142,47.0,40.0,24.0,2.0,1.0,0.0,100.0,187.0,178.0,94.0,140.0,138.0,70.0,84,0,0,0,0,0,0,0,0,0,0,0,0,0,,,0,61,0,0,62,0,919,84,107,418,0.0,4.0,True
graphhopper/graphhopper,https://github.com/graphhopper/graphhopper.git,3546c2ef8bcd74c128f6598a2b2c775e2f5c8d65,"2.0-pre2, 2.0-pre3",core/src/test/java/com/graphhopper/routing/ch/EdgeBasedWitnessPathSearcherTest.java,2,2,2,1,1,0,100.0,24,24,24,22,22,22,0.0,0.0,0.0,2.0,1.0,0.0,100.0,113.0,105.0,56.0,113.0,105.0,56.0,8,0,0,0,0,0,0,4,0,0,0,0,0,0,4.0,8.0,0,0,0,0,4,0,106,8,12,46,0.08,9.0,True
graphhopper/graphhopper,https://github.com/graphhopper/graphhopper.git,3546c2ef8bcd74c128f6598a2b2c775e2f5c8d65,"2.0-pre2, 2.0-pre3",core/src/test/java/com/graphhopper/routing/ch/NodeBasedNodeContractorTest.java,-1,-1,-1,1,1,0,100.0,68,68,68,69,69,69,-79.0,0.0,-40.0,2.0,1.0,0.0,100.0,142.0,141.0,71.0,221.0,220.0,110.0,23,2,3,0,0,0,0,0,0,0,0,0,0,0,,,0,8,0,0,10,0,274,23,40,121,0.03,9.0,True
graphhopper/graphhopper,https://github.com/graphhopper/graphhopper.git,3546c2ef8bcd74c128f6598a2b2c775e2f5c8d65,"2.0-pre2, 2.0-pre3",core/src/test/java/com/graphhopper/routing/ch/NodeBasedWitnessPathSearcherTest.java,4,4,4,1,1,0,100.0,28,28,28,24,24,24,-32.0,0.0,-16.0,2.0,1.0,0.0,100.0,20.0,11.0,10.0,52.0,43.0,26.0,5,1,0,0,0,0,0,0,0,0,0,0,0,0,3.0,14.0,1,0,0,0,3,0,65,5,6,43,0.09,6.0,True
graphhopper/graphhopper,https://github.com/graphhopper/graphhopper.git,085b091be00f3b7f24c92803d9b98419f2a924b9,"2.0-pre1, 2.0-pre2",core/src/test/java/com/graphhopper/routing/ch/NodeBasedNodeContractorTest.java,-68,0,-34,2,1,0,100.0,5,5,2,73,68,36,-40.0,-40.0,-40.0,1.0,1.0,0.0,100.0,57.0,57.0,57.0,97.0,97.0,97.0,23,2,1,0,0,0,0,0,0,0,0,0,0,0,1.0,9.0,0,8,0,0,10,0,277,23,36,126,0.03,9.0,True
graphhopper/graphhopper,https://github.com/graphhopper/graphhopper.git,085b091be00f3b7f24c92803d9b98419f2a924b9,"2.0-pre1, 2.0-pre2",core/src/test/java/com/graphhopper/routing/ch/EdgeBasedNodeContractorTest.java,-7,-7,-7,1,1,0,100.0,8,8,8,15,15,15,-110.0,1.0,-37.0,3.0,1.0,0.0,100.0,112.0,101.0,37.0,222.0,170.0,74.0,84,0,0,0,0,0,0,0,0,0,0,0,0,0,1.0,0.0,0,62,0,0,63,0,904,84,105,408,0.0,3.0,True
graphhopper/graphhopper,https://github.com/graphhopper/graphhopper.git,02ceb5361a721989f575c2f9fb9be3988b960c55,"1.0-pre42, 1.0-pre43",core/src/test/java/com/graphhopper/routing/subnetwork/PrepareRoutingSubnetworksTest.java,-117,-117,-117,1,1,0,100.0,61,61,61,178,178,178,-56.0,14.0,-11.0,5.0,1.0,0.0,100.0,132.0,95.0,26.0,188.0,148.0,38.0,10,5,1,0,0,0,0,0,0,0,0,0,0,0,5.0,16.0,1,0,0,0,6,0,161,10,20,84,0.14,23.0,True
graphhopper/graphhopper,https://github.com/graphhopper/graphhopper.git,02ceb5361a721989f575c2f9fb9be3988b960c55,"1.0-pre42, 1.0-pre43",core/src/test/java/com/graphhopper/routing/subnetwork/TarjansSCCAlgorithmTest.java,322,161,161,2,1,0,100.0,322,161,161,0,0,0,193.0,195.0,39.0,5.0,1.0,0.0,100.0,253.0,195.0,51.0,60.0,38.0,12.0,3,3,0,0,0,0,0,0,0,0,0,0,0,0,0.0,3.0,0,0,0,0,3,0,77,3,3,25,0.16,12.0,True
graphhopper/graphhopper,https://github.com/graphhopper/graphhopper.git,f6d3f373d2b1cb06c2508768a872e9addf5617ce,"1.0-pre41, 1.0-pre42",core/src/test/java/com/graphhopper/routing/querygraph/QueryGraphTest.java,0,0,0,3,2,0,62.5,8,3,3,8,3,3,0.0,0.0,0.0,2.0,1.0,0.0,100.0,21.0,14.0,10.0,21.0,14.0,10.0,30,12,1,0,0,0,0,19,0,0,0,2,0,0,16.0,64.0,10,0,0,0,19,0,506,30,46,309,0.3,153.0,False
graphhopper/graphhopper,https://github.com/graphhopper/graphhopper.git,f6d3f373d2b1cb06c2508768a872e9addf5617ce,"1.0-pre41, 1.0-pre42",client-hc/src/test/java/com/graphhopper/api/GraphHopperWebTest.java,-2,-2,-2,1,1,0,100.0,4,4,4,6,6,6,0.0,0.0,0.0,1.0,1.0,0.0,100.0,2.0,2.0,2.0,2.0,2.0,2.0,3,1,0,0,0,0,1,0,0,0,0,1,0,0,1.0,0.0,0,0,0,0,3,0,25,3,4,18,0.16,4.0,False
graphhopper/graphhopper,https://github.com/graphhopper/graphhopper.git,f6d3f373d2b1cb06c2508768a872e9addf5617ce,"1.0-pre41, 1.0-pre42",core/src/test/java/com/graphhopper/util/PathSimplificationTest.java,-1,0,0,2,2,1,96.3,13,13,6,14,13,7,0.0,0.0,0.0,1.0,1.0,0.0,100.0,8.0,8.0,8.0,8.0,8.0,8.0,4,3,0,0,0,0,0,2,0,0,0,0,0,0,,,0,0,0,0,3,0,210,4,8,44,0.05,11.0,False
graphhopper/graphhopper,https://github.com/graphhopper/graphhopper.git,f6d3f373d2b1cb06c2508768a872e9addf5617ce,"1.0-pre41, 1.0-pre42",reader-osm/src/test/java/com/graphhopper/reader/osm/GraphHopperOSMTest.java,89,89,30,3,2,0,89.9,94,89,31,5,4,2,,,,,,,,,,,,,,32,27,5,0,0,0,10,0,0,0,0,2,0,0,0.0,0.0,9,1,0,4,28,0,699,41,96,542,,,False
graphhopper/graphhopper,https://github.com/graphhopper/graphhopper.git,dfdd92cf5e0d7f2c6c2289b98b646dfb6cfd36c1,"1.0-pre40, 1.0-pre41",core/src/test/java/com/graphhopper/routing/AlternativeRouteCHTest.java,0,0,0,1,1,0,100.0,4,4,4,4,4,4,,,,,,,,,,,,,,3,0,0,0,0,0,0,0,0,0,0,0,0,0,0.0,0.0,0,0,0,0,2,0,59,5,8,25,0.03,2.0,False
graphhopper/graphhopper,https://github.com/graphhopper/graphhopper.git,dfdd92cf5e0d7f2c6c2289b98b646dfb6cfd36c1,"1.0-pre40, 1.0-pre41",core/src/test/java/com/graphhopper/routing/AlternativeRouteEdgeCHTest.java,0,0,0,2,2,0,60.0,5,3,2,5,3,2,,,,,,,,,,,,,,4,3,0,0,0,0,0,0,0,0,0,0,0,0,0.0,0.0,0,0,0,0,3,0,75,4,5,47,0.15,11.0,False
graphhopper/graphhopper,https://github.com/graphhopper/graphhopper.git,dfdd92cf5e0d7f2c6c2289b98b646dfb6cfd36c1,"1.0-pre40, 1.0-pre41",core/src/test/java/com/graphhopper/routing/DijkstraBidirectionCHTest.java,0,0,0,2,2,0,90.91,11,10,6,11,10,6,,,,,,,,,,,,,,10,4,1,1,0,0,0,0,0,0,0,3,0,0,0.0,0.0,1,2,0,0,6,0,160,11,18,105,0.14,22.0,False
graphhopper/graphhopper,https://github.com/graphhopper/graphhopper.git,dfdd92cf5e0d7f2c6c2289b98b646dfb6cfd36c1,"1.0-pre40, 1.0-pre41",core/src/test/java/com/graphhopper/routing/RoutingAlgorithmTest.java,0,0,0,2,2,0,83.33,12,10,6,12,10,6,,,,,,,,,,,,,,53,17,2,1,0,0,1,0,0,0,0,17,0,0,,,2,1,2,0,29,0,835,63,103,339,0.12,99.0,False
graphhopper/graphhopper,https://github.com/graphhopper/graphhopper.git,dfdd92cf5e0d7f2c6c2289b98b646dfb6cfd36c1,"1.0-pre40, 1.0-pre41",core/src/test/java/com/graphhopper/routing/ch/CHPreparationHandlerTest.java,0,0,0,2,1,0,100.0,43,41,22,43,41,22,0.0,0.0,0.0,3.0,1.0,0.0,100.0,43.0,31.0,14.0,43.0,31.0,14.0,8,1,1,0,0,0,0,6,0,0,0,0,0,0,5.0,23.0,0,0,0,0,6,0,75,8,15,30,0.04,3.0,False
graphhopper/graphhopper,https://github.com/graphhopper/graphhopper.git,dfdd92cf5e0d7f2c6c2289b98b646dfb6cfd36c1,"1.0-pre40, 1.0-pre41",core/src/test/java/com/graphhopper/routing/ch/EdgeBasedNodeContractorTest.java,0,0,0,2,2,0,70.0,10,7,5,10,7,5,,,,,,,,,,,,,,84,0,0,0,0,0,0,0,0,0,0,0,0,0,1.0,0.0,0,62,0,0,63,0,906,84,105,405,0.0,3.0,False
graphhopper/graphhopper,https://github.com/graphhopper/graphhopper.git,dfdd92cf5e0d7f2c6c2289b98b646dfb6cfd36c1,"1.0-pre40, 1.0-pre41",core/src/test/java/com/graphhopper/routing/ch/PrepareContractionHierarchiesTest.java,0,0,0,1,1,0,100.0,34,34,34,34,34,34,0.0,0.0,0.0,1.0,1.0,0.0,100.0,16.0,16.0,16.0,16.0,16.0,16.0,31,7,2,0,0,0,0,7,0,0,0,0,0,0,4.0,17.0,0,2,0,0,16,0,423,35,54,196,0.1,42.0,False
graphhopper/graphhopper,https://github.com/graphhopper/graphhopper.git,dfdd92cf5e0d7f2c6c2289b98b646dfb6cfd36c1,"1.0-pre40, 1.0-pre41",reader-osm/src/test/java/com/graphhopper/reader/osm/GraphHopperOSMTest.java,0,0,0,5,1,0,100.0,80,44,16,80,44,16,,,,,,,,,,,,,,30,25,5,0,0,0,8,0,0,0,0,2,0,0,0.0,0.0,8,1,0,4,26,0,639,39,92,506,,,False
graphhopper/graphhopper,https://github.com/graphhopper/graphhopper.git,dfdd92cf5e0d7f2c6c2289b98b646dfb6cfd36c1,"1.0-pre40, 1.0-pre41",core/src/test/java/com/graphhopper/routing/lm/PrepareLandmarksTest.java,0,0,0,2,2,0,75.0,8,6,4,8,6,4,0.0,0.0,0.0,1.0,1.0,0.0,100.0,6.0,6.0,6.0,6.0,6.0,6.0,3,2,1,0,0,0,0,2,0,0,0,2,0,0,2.0,5.0,2,0,0,1,2,0,91,3,6,41,0.21,19.0,False
graphhopper/graphhopper,https://github.com/graphhopper/graphhopper.git,9cd273de3ca26549e77d9b89fa7b881f3bfb63a0,"1.0-pre34, 1.0-pre35",api/src/test/java/com/graphhopper/util/GHRequestTest.java,-12,-12,-12,1,1,0,100.0,18,18,18,30,30,30,-40.0,-40.0,-40.0,1.0,1.0,0.0,100.0,38.0,38.0,38.0,78.0,78.0,78.0,4,1,0,0,0,0,0,0,0,0,0,0,0,0,1.0,0.0,0,1,0,0,2,0,48,4,5,18,,,True
graphhopper/graphhopper,https://github.com/graphhopper/graphhopper.git,89014277adb6ee520e24183024e661701a62a0ea,"1.0-pre33.4, 1.0-pre34",core/src/test/java/com/graphhopper/routing/util/spatialrules/SpatialRuleLookupBuilderTest.java,-18,-18,-18,1,1,0,100.0,17,17,17,35,35,35,0.0,0.0,0.0,1.0,1.0,0.0,100.0,1.0,1.0,1.0,1.0,1.0,1.0,5,2,0,0,0,0,4,0,0,0,0,0,0,0,,,0,0,0,0,5,0,93,8,20,53,0.17,16.0,False
graphhopper/graphhopper,https://github.com/graphhopper/graphhopper.git,89014277adb6ee520e24183024e661701a62a0ea,"1.0-pre33.4, 1.0-pre34",core/src/test/java/com/graphhopper/routing/util/spatialrules/SpatialRuleLookupJTSTest.java,53,53,53,1,1,0,100.0,90,90,90,37,37,37,2.0,2.0,2.0,1.0,1.0,0.0,100.0,46.0,46.0,46.0,44.0,44.0,44.0,8,5,0,0,0,0,0,0,0,0,0,0,0,0,3.0,11.0,0,0,0,0,5,0,152,17,34,45,0.19,29.0,True
graphhopper/graphhopper,https://github.com/graphhopper/graphhopper.git,89014277adb6ee520e24183024e661701a62a0ea,"1.0-pre33.4, 1.0-pre34",core/src/test/java/com/graphhopper/routing/ProfileResolverTest.java,0,0,0,1,1,0,100.0,21,21,21,21,21,21,-1.0,-1.0,-1.0,1.0,1.0,0.0,100.0,19.0,19.0,19.0,20.0,20.0,20.0,7,5,0,0,0,0,0,0,0,0,0,0,0,0,5.0,12.0,0,0,0,0,5,0,77,7,13,59,0.36,28.0,False
graphhopper/graphhopper,https://github.com/graphhopper/graphhopper.git,89014277adb6ee520e24183024e661701a62a0ea,"1.0-pre33.4, 1.0-pre34",isochrone/src/test/java/com/graphhopper/isochrone/algorithm/ShortestPathTreeTest.java,92,95,46,2,1,0,100.0,128,128,64,36,33,18,12.0,12.0,12.0,1.0,1.0,0.0,100.0,53.0,53.0,53.0,41.0,41.0,41.0,8,5,0,0,0,0,0,0,0,0,0,0,0,0,5.0,9.0,0,0,0,0,5,0,87,11,18,32,,,False
graphhopper/graphhopper,https://github.com/graphhopper/graphhopper.git,89014277adb6ee520e24183024e661701a62a0ea,"1.0-pre33.4, 1.0-pre34",core/src/test/java/com/graphhopper/routing/util/AbstractFlagEncoderTest.java,-1,-1,-1,1,1,0,100.0,16,16,16,17,17,17,-4.0,-4.0,-4.0,1.0,1.0,0.0,100.0,0.0,0.0,0.0,4.0,4.0,4.0,1,0,0,0,0,0,0,0,0,0,0,0,0,0,1.0,0.0,1,0,0,0,1,0,19,1,1,2,0.63,12.0,False
graphhopper/graphhopper,https://github.com/graphhopper/graphhopper.git,89014277adb6ee520e24183024e661701a62a0ea,"1.0-pre33.4, 1.0-pre34",reader-osm/src/test/java/com/graphhopper/reader/osm/GraphHopperOSMTest.java,-3,-3,-3,1,1,0,100.0,12,12,12,15,15,15,0.0,0.0,0.0,1.0,1.0,0.0,100.0,1.0,1.0,1.0,1.0,1.0,1.0,30,25,5,0,0,0,8,0,0,0,0,2,0,0,0.0,0.0,8,1,0,4,26,0,639,39,92,496,,,False
graphhopper/graphhopper,https://github.com/graphhopper/graphhopper.git,89014277adb6ee520e24183024e661701a62a0ea,"1.0-pre33.4, 1.0-pre34",core/src/test/java/com/graphhopper/routing/lm/LMApproximatorTest.java,-1,0,0,2,1,0,100.0,5,3,2,6,3,3,,,,,,,,,,,,,,3,0,0,0,0,0,0,0,0,0,0,0,0,0,0.0,0.0,0,1,0,0,1,0,106,3,7,29,0.02,2.0,True
graphhopper/graphhopper,https://github.com/graphhopper/graphhopper.git,7bee0e42ac6b13fe707699964120ed081c6f3ff7,"1.0-pre33.3, 1.0-pre33.4",isochrone/src/test/java/com/graphhopper/isochrone/algorithm/ShortestPathTreeTest.java,44,25,6,8,1,0,100.0,134,32,17,90,41,11,-124.0,2.0,-12.0,10.0,1.0,0.0,100.0,127.0,36.0,13.0,251.0,86.0,25.0,6,3,0,0,0,0,0,0,0,0,0,0,0,0,3.0,5.0,0,0,0,0,3,0,45,6,7,11,,,True
graphhopper/graphhopper,https://github.com/graphhopper/graphhopper.git,7bee0e42ac6b13fe707699964120ed081c6f3ff7,"1.0-pre33.3, 1.0-pre33.4",reader-gtfs/src/test/java/com/graphhopper/reader/gtfs/TransfersTest.java,81,75,40,2,1,0,100.0,102,75,51,21,21,10,13.0,7.0,6.0,2.0,1.0,0.0,100.0,25.0,19.0,12.0,12.0,12.0,6.0,3,2,0,0,0,0,0,0,0,0,0,0,0,0,1.0,0.0,0,0,0,0,2,0,37,3,8,13,0.46,17.0,False
graphhopper/graphhopper,https://github.com/graphhopper/graphhopper.git,b27ced4b5d65432829c4b9e0d4512c5c129b423e,"1.0-pre33, 1.0-pre33.2",core/src/test/java/com/graphhopper/routing/AlternativeRouteTest.java,4,4,4,1,1,0,100.0,5,5,5,1,1,1,2.0,2.0,2.0,1.0,1.0,0.0,100.0,2.0,2.0,2.0,0.0,0.0,0.0,6,3,0,1,0,0,0,0,0,0,0,0,0,0,3.0,14.0,0,0,0,0,3,0,93,7,10,50,0.15,14.0,True
graphhopper/graphhopper,https://github.com/graphhopper/graphhopper.git,198c8ede19599dbe9fe92b9b6755dee3d348a244,"1.0-pre29, 1.0-pre30",core/src/test/java/com/graphhopper/reader/dem/HeightTileTest.java,26,26,26,1,1,0,100.0,49,49,49,23,23,23,6.0,6.0,6.0,1.0,1.0,0.0,100.0,49.0,49.0,49.0,43.0,43.0,43.0,6,0,0,0,0,0,0,0,0,0,0,0,0,0,3.0,39.0,3,0,0,0,3,0,97,6,9,24,0.37,36.0,True
graphhopper/graphhopper,https://github.com/graphhopper/graphhopper.git,198c8ede19599dbe9fe92b9b6755dee3d348a244,"1.0-pre29, 1.0-pre30",core/src/test/java/com/graphhopper/routing/querygraph/QueryGraphTest.java,0,0,0,2,2,0,85.19,27,23,14,27,23,14,0.0,0.0,0.0,1.0,1.0,0.0,100.0,1.0,1.0,1.0,1.0,1.0,1.0,30,12,1,0,0,0,0,19,0,0,0,2,0,0,16.0,64.0,10,0,0,0,19,0,506,30,46,310,0.3,153.0,False
graphhopper/graphhopper,https://github.com/graphhopper/graphhopper.git,198c8ede19599dbe9fe92b9b6755dee3d348a244,"1.0-pre29, 1.0-pre30",core/src/test/java/com/graphhopper/routing/util/NameSimilarityEdgeFilterTest.java,-6,1,-3,2,1,0,100.0,15,13,8,21,20,10,-1.0,-1.0,-1.0,1.0,1.0,0.0,100.0,5.0,5.0,5.0,6.0,6.0,6.0,12,9,0,0,0,0,0,0,0,0,0,0,0,0,8.0,48.0,3,0,0,0,9,0,166,17,30,48,0.33,55.0,True
graphhopper/graphhopper,https://github.com/graphhopper/graphhopper.git,74df25083498c778554b16db19b51764a4ba8927,"1.0-pre27, 1.0-pre28",core/src/test/java/com/graphhopper/routing/util/Car4WDFlagEncoderTest.java,1,1,1,1,1,0,100.0,1,1,1,0,0,0,,,,,,,,,,,,,,2,1,0,0,0,0,0,0,0,0,0,0,0,0,0.0,0.0,1,0,0,0,1,0,79,2,6,10,0.25,20.0,True
graphhopper/graphhopper,https://github.com/graphhopper/graphhopper.git,74df25083498c778554b16db19b51764a4ba8927,"1.0-pre27, 1.0-pre28",core/src/test/java/com/graphhopper/routing/ch/EdgeBasedNodeContractorTest.java,0,0,0,3,2,0,71.43,7,5,2,7,5,2,,,,,,,,,,,,,,84,0,0,0,0,0,0,0,0,0,0,0,0,0,1.0,0.0,0,62,0,0,63,0,906,84,105,405,0.0,3.0,True
graphhopper/graphhopper,https://github.com/graphhopper/graphhopper.git,74df25083498c778554b16db19b51764a4ba8927,"1.0-pre27, 1.0-pre28",core/src/test/java/com/graphhopper/storage/TurnCostStorageTest.java,30,40,6,5,3,0,50.0,121,73,24,91,37,18,52.0,93.0,10.0,5.0,3.0,0.0,56.8,129.0,101.0,26.0,77.0,57.0,15.0,5,2,2,0,0,0,0,0,0,0,0,0,0,0,3.0,39.0,2,0,0,0,3,0,90,5,10,42,0.17,15.0,True
graphhopper/graphhopper,https://github.com/graphhopper/graphhopper.git,4c29eeeb5030c60d4c917f56c3f1e26d7203a332,"1.0-pre25, 1.0-pre26",core/src/test/java/com/graphhopper/routing/util/NameSimilarityEdgeFilterTest.java,68,68,68,1,1,0,100.0,71,71,71,3,3,3,21.0,21.0,21.0,1.0,1.0,0.0,100.0,24.0,24.0,24.0,3.0,3.0,3.0,13,9,0,0,0,0,0,0,0,0,0,0,0,0,8.0,48.0,3,0,0,0,9,0,170,19,34,46,0.32,55.0,True
graphhopper/graphhopper,https://github.com/graphhopper/graphhopper.git,e656101c0208f9b45d8d65486fff97c8c8b28e38,"1.0-pre24, 1.0-pre25",core/src/test/java/com/graphhopper/routing/weighting/BlockAreaWeightingTest.java,25,25,25,1,1,0,100.0,32,32,32,7,7,7,6.0,6.0,6.0,1.0,1.0,0.0,100.0,6.0,6.0,6.0,0.0,0.0,0.0,4,1,1,0,0,0,0,3,0,0,0,0,0,0,3.0,6.0,1,0,0,0,3,0,53,4,7,25,0.13,7.0,True
graphhopper/graphhopper,https://github.com/graphhopper/graphhopper.git,e656101c0208f9b45d8d65486fff97c8c8b28e38,"1.0-pre24, 1.0-pre25",core/src/test/java/com/graphhopper/routing/lm/LMPreparationHandlerTest.java,1,2,0,2,1,0,100.0,23,22,12,22,20,11,-43.0,-11.0,-14.0,3.0,1.0,0.0,100.0,40.0,27.0,13.0,83.0,38.0,28.0,3,2,0,0,0,0,0,0,0,0,0,0,0,0,3.0,6.0,0,0,0,0,3,0,22,3,3,12,0.18,4.0,False
graphhopper/graphhopper,https://github.com/graphhopper/graphhopper.git,e656101c0208f9b45d8d65486fff97c8c8b28e38,"1.0-pre24, 1.0-pre25",reader-osm/src/test/java/com/graphhopper/reader/osm/GraphHopperOSMTest.java,21,47,10,2,1,0,100.0,77,64,38,56,39,28,3.0,2.0,2.0,2.0,2.0,0.0,61.29,17.0,10.0,8.0,14.0,9.0,7.0,30,25,5,0,0,0,8,0,0,0,0,1,0,0,0.0,0.0,8,1,0,4,26,0,622,37,86,468,,,False
graphhopper/graphhopper,https://github.com/graphhopper/graphhopper.git,a05de4b10f1135a980e0c23dad41dec0899ca9ae,"1.0-pre23, 1.0-pre24",reader-osm/src/test/java/com/graphhopper/reader/osm/GraphHopperOSMTest.java,29,55,14,2,1,0,100.0,147,134,74,118,79,59,,,,,,,,,,,,,,30,24,4,0,0,0,8,0,0,0,0,1,0,0,0.0,0.0,8,1,0,4,26,0,618,37,85,444,,,True
graphhopper/graphhopper,https://github.com/graphhopper/graphhopper.git,a05de4b10f1135a980e0c23dad41dec0899ca9ae,"1.0-pre23, 1.0-pre24",core/src/test/java/com/graphhopper/routing/ch/CHPreparationHandlerTest.java,0,0,0,1,1,0,100.0,4,4,4,4,4,4,-16.0,-16.0,-16.0,1.0,1.0,0.0,100.0,3.0,3.0,3.0,19.0,19.0,19.0,8,1,1,0,0,0,0,6,0,0,0,0,0,0,5.0,23.0,0,0,0,0,6,0,75,8,15,30,0.04,3.0,False
graphhopper/graphhopper,https://github.com/graphhopper/graphhopper.git,65bea04dfa3c764e3f611224d097aafd1a5ba28c,"1.0-pre21, 1.0-pre22",core/src/test/java/com/graphhopper/routing/lm/LandmarkStorageTest.java,0,0,0,1,1,0,100.0,11,11,11,11,11,11,0.0,0.0,0.0,1.0,1.0,0.0,100.0,7.0,7.0,7.0,7.0,7.0,7.0,9,6,0,0,0,0,0,7,0,0,0,4,0,0,7.0,23.0,2,0,0,0,7,0,142,19,36,58,0.12,17.0,False
graphhopper/graphhopper,https://github.com/graphhopper/graphhopper.git,65bea04dfa3c764e3f611224d097aafd1a5ba28c,"1.0-pre21, 1.0-pre22",core/src/test/java/com/graphhopper/routing/lm/PrepareLandmarksTest.java,2,2,2,1,1,0,100.0,6,6,6,4,4,4,0.0,0.0,0.0,1.0,1.0,0.0,100.0,9.0,9.0,9.0,9.0,9.0,9.0,3,2,1,0,0,0,0,2,0,0,0,2,0,0,2.0,5.0,2,0,0,1,2,0,92,3,6,39,0.21,19.0,True
graphhopper/graphhopper,https://github.com/graphhopper/graphhopper.git,76f768c68bf2cbd43e665480c23db2406adfdcdf,"1.0-pre20, 1.0-pre21",core/src/test/java/com/graphhopper/routing/lm/LandmarkStorageTest.java,0,0,0,1,1,0,100.0,3,3,3,3,3,3,,,,,,,,,,,,,,9,6,0,0,0,0,0,7,0,0,0,4,0,0,7.0,23.0,2,0,0,0,7,0,142,19,36,58,0.12,17.0,False
graphhopper/graphhopper,https://github.com/graphhopper/graphhopper.git,76f768c68bf2cbd43e665480c23db2406adfdcdf,"1.0-pre20, 1.0-pre21",core/src/test/java/com/graphhopper/routing/PathTest.java,30,41,15,2,2,0,53.75,55,42,28,25,24,12,0.0,0.0,0.0,1.0,1.0,0.0,100.0,4.0,4.0,4.0,4.0,4.0,4.0,34,31,2,0,0,0,0,0,0,0,0,1,0,0,,,5,0,0,0,31,0,727,34,44,375,0.22,163.0,False
graphhopper/graphhopper,https://github.com/graphhopper/graphhopper.git,76f768c68bf2cbd43e665480c23db2406adfdcdf,"1.0-pre20, 1.0-pre21",core/src/test/java/com/graphhopper/storage/GraphHopperStorageTest.java,41,41,41,1,1,0,100.0,42,42,42,1,1,1,-5.0,1.0,-2.0,2.0,1.0,0.0,100.0,10.0,10.0,5.0,15.0,9.0,8.0,16,8,0,0,0,0,3,0,0,0,0,1,0,0,12.0,64.0,4,1,0,1,12,0,222,16,22,148,0.28,63.0,False
graphhopper/graphhopper,https://github.com/graphhopper/graphhopper.git,76f768c68bf2cbd43e665480c23db2406adfdcdf,"1.0-pre20, 1.0-pre21",core/src/test/java/com/graphhopper/routing/util/spatialrules/SpatialRuleLookupBuilderTest.java,76,64,38,2,2,0,53.01,121,76,60,45,33,22,10.0,10.0,10.0,1.0,1.0,0.0,100.0,52.0,52.0,52.0,42.0,42.0,42.0,6,2,1,0,0,0,5,0,0,0,0,0,0,0,,,0,0,0,0,6,0,110,12,31,55,0.15,16.0,True
graphhopper/graphhopper,https://github.com/graphhopper/graphhopper.git,76f768c68bf2cbd43e665480c23db2406adfdcdf,"1.0-pre20, 1.0-pre21",reader-osm/src/test/java/com/graphhopper/reader/osm/GraphHopperOSMTest.java,-61,1,-12,5,1,0,100.0,90,45,18,151,82,30,4.0,2.0,2.0,2.0,2.0,0.0,66.67,11.0,7.0,6.0,7.0,5.0,4.0,30,24,4,0,0,0,8,0,0,0,0,1,0,0,0.0,0.0,8,1,0,4,26,0,595,37,85,425,,,True
graphhopper/graphhopper,https://github.com/graphhopper/graphhopper.git,7acdcf934c362ec956e2d0bc1978d5dc1df17afa,"1.0-pre18, 1.0-pre19",core/src/test/java/com/graphhopper/routing/querygraph/QueryGraphTest.java,0,0,0,2,1,0,100.0,8,7,4,8,7,4,3.0,3.0,3.0,1.0,1.0,0.0,100.0,8.0,8.0,8.0,5.0,5.0,5.0,30,12,1,0,0,0,0,19,0,0,0,2,0,0,16.0,64.0,10,0,0,0,19,0,508,30,46,312,0.3,153.0,True
graphhopper/graphhopper,https://github.com/graphhopper/graphhopper.git,7acdcf934c362ec956e2d0bc1978d5dc1df17afa,"1.0-pre18, 1.0-pre19",core/src/test/java/com/graphhopper/routing/weighting/FastestWeightingTest.java,43,43,43,1,1,0,100.0,45,45,45,2,2,2,10.0,10.0,10.0,1.0,1.0,0.0,100.0,18.0,18.0,18.0,8.0,8.0,8.0,8,1,0,0,0,0,0,0,0,0,0,0,0,0,4.0,8.0,2,0,0,0,7,0,71,8,8,53,0.2,14.0,False
graphhopper/graphhopper,https://github.com/graphhopper/graphhopper.git,7acdcf934c362ec956e2d0bc1978d5dc1df17afa,"1.0-pre18, 1.0-pre19",core/src/test/java/com/graphhopper/storage/GraphEdgeIdFinderTest.java,1,1,1,1,1,0,100.0,27,27,27,26,26,26,18.0,18.0,18.0,1.0,1.0,0.0,100.0,34.0,34.0,34.0,16.0,16.0,16.0,3,2,0,0,0,0,0,0,0,0,0,2,0,0,2.0,4.0,1,0,0,0,2,0,39,3,5,17,0.21,8.0,True
graphhopper/graphhopper,https://github.com/graphhopper/graphhopper.git,03dd6d4ec9320a9ec11677006777b5e3a63ae6b2,"1.0-pre13, 1.0-pre14",reader-osm/src/test/java/com/graphhopper/reader/osm/OSMReaderTest.java,-1,-1,-1,1,1,0,100.0,2,2,2,3,3,3,,,,,,,,,,,,,,33,20,1,0,0,0,0,0,0,0,0,2,0,0,2.0,2.0,13,2,0,1,28,0,707,46,78,390,,,False
graphhopper/graphhopper,https://github.com/graphhopper/graphhopper.git,e2141489dae0c37764a2346e8dfe43f1d36d9186,"1.0-pre12, 1.0-pre13",core/src/test/java/com/graphhopper/storage/GraphHopperStorageTest.java,0,0,0,1,1,0,100.0,3,3,3,3,3,3,3.0,7.0,1.0,3.0,1.0,0.0,100.0,39.0,21.0,13.0,36.0,19.0,12.0,15,7,0,0,0,0,4,0,0,0,0,1,0,0,11.0,51.0,3,1,0,0,11,0,192,15,22,127,0.3,57.0,False
graphhopper/graphhopper,https://github.com/graphhopper/graphhopper.git,e2141489dae0c37764a2346e8dfe43f1d36d9186,"1.0-pre12, 1.0-pre13",core/src/test/java/com/graphhopper/routing/AStarBidirectionTest.java,-29,-29,-29,1,1,0,100.0,16,16,16,45,45,45,,,,,,,,,,,,,,2,0,0,0,0,0,0,0,0,0,0,0,0,0,0.0,0.0,0,1,0,0,1,0,35,3,3,9,0.11,4.0,True
graphhopper/graphhopper,https://github.com/graphhopper/graphhopper.git,e2141489dae0c37764a2346e8dfe43f1d36d9186,"1.0-pre12, 1.0-pre13",core/src/test/java/com/graphhopper/routing/DijkstraBidirectionCHTest.java,-3,0,-1,3,1,0,100.0,68,61,23,71,62,24,,,,,,,,,,,,,,10,4,1,1,0,0,0,0,0,0,0,3,0,0,3.0,9.0,1,2,0,0,6,0,160,11,18,103,0.14,22.0,True
graphhopper/graphhopper,https://github.com/graphhopper/graphhopper.git,e2141489dae0c37764a2346e8dfe43f1d36d9186,"1.0-pre12, 1.0-pre13",core/src/test/java/com/graphhopper/routing/DijkstraOneToManyTest.java,-35,-35,-35,1,1,0,100.0,45,45,45,80,80,80,,,,,,,,,,,,,,11,6,0,1,0,0,0,0,0,0,0,0,0,0,5.0,11.0,2,0,0,0,6,0,130,14,21,56,0.15,19.0,True
graphhopper/graphhopper,https://github.com/graphhopper/graphhopper.git,1e1469d86964a63b5bc9fe52904505767b1274d6,"1.0-pre10, 1.0-pre11",core/src/test/java/com/graphhopper/storage/index/LocationIndexTreeTest.java,3,3,3,1,1,0,100.0,5,5,5,2,2,2,,,,,,,,,,,,,,20,11,3,0,0,0,0,0,0,0,0,0,0,0,6.0,16.0,3,0,0,0,14,0,389,22,36,180,0.14,56.0,False
graphhopper/graphhopper,https://github.com/graphhopper/graphhopper.git,1e1469d86964a63b5bc9fe52904505767b1274d6,"1.0-pre10, 1.0-pre11",core/src/test/java/com/graphhopper/routing/ch/PrepareContractionHierarchiesTest.java,-41,3,-20,2,1,0,100.0,35,26,18,76,70,38,4.0,4.0,4.0,1.0,1.0,0.0,100.0,36.0,36.0,36.0,32.0,32.0,32.0,31,7,2,0,0,0,0,7,0,0,0,0,0,0,4.0,17.0,0,2,0,0,16,0,424,35,54,189,0.1,42.0,False
graphhopper/graphhopper,https://github.com/graphhopper/graphhopper.git,1e1469d86964a63b5bc9fe52904505767b1274d6,"1.0-pre10, 1.0-pre11",core/src/test/java/com/graphhopper/routing/ch/EdgeBasedNodeContractorTest.java,0,0,0,1,1,0,100.0,3,3,3,3,3,3,-5.0,0.0,-2.0,2.0,1.0,0.0,100.0,55.0,52.0,28.0,60.0,57.0,30.0,84,0,0,0,0,0,0,0,0,0,0,0,0,0,1.0,0.0,0,62,0,0,63,0,908,84,105,399,0.0,3.0,True
graphhopper/graphhopper,https://github.com/graphhopper/graphhopper.git,1e1469d86964a63b5bc9fe52904505767b1274d6,"1.0-pre10, 1.0-pre11",core/src/test/java/com/graphhopper/routing/ch/EdgeBasedWitnessPathSearcherTest.java,1,1,0,2,1,0,100.0,12,7,6,11,7,6,-4.0,0.0,-2.0,2.0,1.0,0.0,100.0,18.0,16.0,9.0,22.0,20.0,11.0,8,0,0,0,0,0,0,4,0,0,0,0,0,0,4.0,8.0,0,0,0,0,4,0,107,8,12,42,0.08,9.0,True
graphhopper/graphhopper,https://github.com/graphhopper/graphhopper.git,1e1469d86964a63b5bc9fe52904505767b1274d6,"1.0-pre10, 1.0-pre11",core/src/test/java/com/graphhopper/routing/ch/NodeBasedNodeContractorTest.java,-2,-2,-2,1,1,0,100.0,31,31,31,33,33,33,-14.0,6.0,-7.0,2.0,1.0,0.0,100.0,39.0,20.0,20.0,53.0,40.0,26.0,28,4,1,0,0,0,0,0,0,0,0,0,0,0,1.0,9.0,1,8,0,0,14,0,363,28,42,170,0.05,18.0,True
graphhopper/graphhopper,https://github.com/graphhopper/graphhopper.git,0a967b3dd4f8a78d3cbe3bc0b64e820b950995d4,"1.0-pre9, 1.0-pre10",core/src/test/java/com/graphhopper/routing/util/DataFlagEncoderTest.java,-108,-108,-108,1,1,0,100.0,4,4,4,112,112,112,-7.0,-7.0,-7.0,1.0,1.0,0.0,100.0,0.0,0.0,0.0,7.0,7.0,7.0,12,7,0,1,0,0,1,0,0,0,0,5,0,0,9.0,37.0,6,0,0,0,12,0,223,13,18,99,0.24,54.0,True
graphhopper/graphhopper,https://github.com/graphhopper/graphhopper.git,6cc92dfb1ab36057354f16524160e84554d21f63,"1.0-pre6, 1.0-pre7",core/src/test/java/com/graphhopper/util/DouglasPeuckerTest.java,-41,-41,-41,1,1,0,100.0,2,2,2,43,43,43,11.0,11.0,11.0,1.0,1.0,0.0,100.0,35.0,35.0,35.0,24.0,24.0,24.0,4,3,0,0,0,0,0,0,0,0,0,2,0,0,3.0,9.0,1,0,0,0,4,0,51,4,7,28,0.29,15.0,False
graphhopper/graphhopper,https://github.com/graphhopper/graphhopper.git,781b1dbd3c4201d536ad507e0e2b72ff7ba190ed,"1.0-pre5, 1.0-pre6",core/src/test/java/com/graphhopper/routing/DijkstraBidirectionCHTest.java,4,4,4,1,1,0,100.0,8,8,8,4,4,4,,,,,,,,,,,,,,11,4,1,0,0,0,0,0,0,0,0,3,0,0,3.0,9.0,1,2,0,0,6,0,154,11,20,106,0.14,22.0,True
graphhopper/graphhopper,https://github.com/graphhopper/graphhopper.git,781b1dbd3c4201d536ad507e0e2b72ff7ba190ed,"1.0-pre5, 1.0-pre6",core/src/test/java/com/graphhopper/routing/ch/PrepareContractionHierarchiesTest.java,-4,-4,-4,1,1,0,100.0,33,33,33,37,37,37,,,,,,,,,,,,,,32,7,2,0,0,0,0,13,0,0,0,0,0,0,4.0,17.0,0,2,0,0,16,0,455,36,57,210,0.09,39.0,True
graphhopper/graphhopper,https://github.com/graphhopper/graphhopper.git,781b1dbd3c4201d536ad507e0e2b72ff7ba190ed,"1.0-pre5, 1.0-pre6",core/src/test/java/com/graphhopper/storage/GraphHopperStorageTest.java,3,3,3,1,1,0,100.0,7,7,7,4,4,4,-4.0,-4.0,-4.0,1.0,1.0,0.0,100.0,11.0,11.0,11.0,15.0,15.0,15.0,15,7,0,0,0,0,4,0,0,0,0,1,0,0,11.0,54.0,3,1,0,0,11,0,192,15,22,128,0.3,57.0,True
graphhopper/graphhopper,https://github.com/graphhopper/graphhopper.git,781b1dbd3c4201d536ad507e0e2b72ff7ba190ed,"1.0-pre5, 1.0-pre6",core/src/test/java/com/graphhopper/util/DouglasPeuckerTest.java,41,41,41,1,1,0,100.0,43,43,43,2,2,2,-11.0,-11.0,-11.0,1.0,1.0,0.0,100.0,24.0,24.0,24.0,35.0,35.0,35.0,5,4,1,0,0,0,0,0,0,0,0,2,0,0,3.0,9.0,1,0,0,0,5,0,84,5,9,36,0.23,19.0,False
graphhopper/graphhopper,https://github.com/graphhopper/graphhopper.git,adcca066d736ef890542774eca1b10b16425aa8f,"1.0-pre4, 1.0-pre5",core/src/test/java/com/graphhopper/routing/DijkstraBidirectionCHTest.java,0,0,0,2,1,0,100.0,28,27,14,28,27,14,,,,,,,,,,,,,,11,4,1,0,0,0,0,0,0,0,0,3,0,0,3.0,9.0,1,2,0,0,6,0,154,11,20,106,0.14,22.0,False
graphhopper/graphhopper,https://github.com/graphhopper/graphhopper.git,adcca066d736ef890542774eca1b10b16425aa8f,"1.0-pre4, 1.0-pre5",core/src/test/java/com/graphhopper/routing/ch/PrepareContractionHierarchiesTest.java,0,0,0,2,1,0,100.0,21,18,10,21,18,10,6.0,6.0,2.0,3.0,2.0,0.0,76.92,16.0,13.0,5.0,10.0,7.0,3.0,33,7,2,0,0,0,0,13,0,0,0,0,0,0,4.0,17.0,0,2,0,0,16,0,458,37,59,213,0.09,39.0,False
graphhopper/graphhopper,https://github.com/graphhopper/graphhopper.git,adcca066d736ef890542774eca1b10b16425aa8f,"1.0-pre4, 1.0-pre5",core/src/test/java/com/graphhopper/util/CHEdgeIteratorTest.java,-2,-2,-2,1,1,0,100.0,11,11,11,13,13,13,,,,,,,,,,,,,,1,1,0,0,0,0,0,0,0,0,0,0,0,0,,,1,0,0,0,1,0,38,1,1,26,0.42,16.0,True
graphhopper/graphhopper,https://github.com/graphhopper/graphhopper.git,adcca066d736ef890542774eca1b10b16425aa8f,"1.0-pre4, 1.0-pre5",core/src/test/java/com/graphhopper/util/GHUtilityTest.java,-1,1,0,2,2,0,69.7,16,12,8,17,11,8,31.0,32.0,16.0,2.0,2.0,0.0,67.47,57.0,44.0,28.0,26.0,14.0,13.0,9,4,0,0,0,0,0,0,0,0,0,0,0,0,4.0,10.0,1,1,0,0,6,0,135,9,13,68,0.37,50.0,False
graphhopper/graphhopper,https://github.com/graphhopper/graphhopper.git,adcca066d736ef890542774eca1b10b16425aa8f,"1.0-pre4, 1.0-pre5",core/src/test/java/com/graphhopper/routing/AStarBidirectionTest.java,-1,0,0,2,1,0,100.0,2,1,1,3,2,2,,,,,,,,,,,,,,3,0,0,1,0,0,0,0,0,0,0,0,0,0,0.0,0.0,0,0,0,0,1,0,51,6,11,15,0.08,4.0,True
graphhopper/graphhopper,https://github.com/graphhopper/graphhopper.git,adcca066d736ef890542774eca1b10b16425aa8f,"1.0-pre4, 1.0-pre5",core/src/test/java/com/graphhopper/routing/AStarTest.java,-1,0,0,2,1,0,100.0,2,1,1,3,2,2,,,,,,,,,,,,,,2,0,0,1,0,0,0,0,0,0,0,0,0,0,0.0,0.0,0,0,0,0,0,0,30,4,9,7,0.0,0.0,True
graphhopper/graphhopper,https://github.com/graphhopper/graphhopper.git,adcca066d736ef890542774eca1b10b16425aa8f,"1.0-pre4, 1.0-pre5",core/src/test/java/com/graphhopper/routing/PathTest.java,2,2,2,1,1,0,100.0,12,12,12,10,10,10,,,,,,,,,,,,,,32,29,2,0,0,0,0,0,0,0,0,1,0,0,,,3,0,0,0,29,0,699,32,44,340,0.22,152.0,True
graphhopper/graphhopper,https://github.com/graphhopper/graphhopper.git,adcca066d736ef890542774eca1b10b16425aa8f,"1.0-pre4, 1.0-pre5",core/src/test/java/com/graphhopper/routing/util/CarFlagEncoderTest.java,13,12,6,2,2,0,62.32,41,22,20,28,21,14,-12.0,-1.0,-6.0,2.0,2.0,0.0,78.57,1.0,1.0,0.0,13.0,11.0,6.0,21,13,1,0,0,0,3,0,0,0,3,0,0,0,6.0,47.0,11,0,0,0,21,0,477,21,31,139,0.28,133.0,True
graphhopper/graphhopper,https://github.com/graphhopper/graphhopper.git,adcca066d736ef890542774eca1b10b16425aa8f,"1.0-pre4, 1.0-pre5",core/src/test/java/com/graphhopper/routing/util/parsers/OSMTollParserTest.java,1,1,1,1,1,0,100.0,9,9,9,8,8,8,1.0,1.0,1.0,1.0,1.0,0.0,100.0,2.0,2.0,2.0,1.0,1.0,1.0,2,1,0,0,0,0,0,0,0,0,0,0,0,0,1.0,0.0,1,0,0,0,1,0,46,2,3,8,0.13,6.0,True
graphhopper/graphhopper,https://github.com/graphhopper/graphhopper.git,adcca066d736ef890542774eca1b10b16425aa8f,"1.0-pre4, 1.0-pre5",core/src/test/java/com/graphhopper/routing/AlternativeRouteTest.java,-1,-1,-1,1,1,0,100.0,20,20,20,21,21,21,,,,,,,,,,,,,,6,3,0,1,0,0,0,0,0,0,0,0,0,0,3.0,14.0,0,0,0,0,3,0,94,7,10,48,0.15,14.0,True
graphhopper/graphhopper,https://github.com/graphhopper/graphhopper.git,adcca066d736ef890542774eca1b10b16425aa8f,"1.0-pre4, 1.0-pre5",core/src/test/java/com/graphhopper/routing/template/RoundTripRoutingTemplateTest.java,1,1,0,2,1,0,100.0,6,5,3,5,4,2,,,,,,,,,,,,,,6,2,0,0,0,0,0,0,0,0,0,0,0,0,2.0,9.0,1,0,0,0,4,0,86,6,11,38,0.19,16.0,False
graphhopper/graphhopper,https://github.com/graphhopper/graphhopper.git,adcca066d736ef890542774eca1b10b16425aa8f,"1.0-pre4, 1.0-pre5",core/src/test/java/com/graphhopper/routing/ch/CHProfileSelectorTest.java,112,112,112,1,1,0,100.0,144,144,144,32,32,32,-70.0,-70.0,-70.0,1.0,1.0,0.0,100.0,56.0,56.0,56.0,126.0,126.0,126.0,17,0,1,0,0,0,0,11,0,0,0,0,0,0,0.0,0.0,0,0,0,0,11,0,135,17,25,70,0.39,52.0,True
graphhopper/graphhopper,https://github.com/graphhopper/graphhopper.git,5092c50bd70a8b70958c1f76658ed6f26a734354,"1.0-pre3, 1.0-pre4",core/src/test/java/com/graphhopper/routing/querygraph/QueryGraphTest.java,11,11,11,1,1,0,100.0,40,40,40,29,29,29,-367.0,-367.0,-367.0,1.0,1.0,0.0,100.0,80.0,80.0,80.0,447.0,447.0,447.0,32,14,2,0,0,0,0,21,0,0,0,2,0,0,18.0,80.0,10,0,0,0,21,0,546,32,49,334,0.29,159.0,True
graphhopper/graphhopper,https://github.com/graphhopper/graphhopper.git,9a88313e903219d1c8452ef9de985f14c312d812,"1.0-pre2, 1.0-pre3",reader-gtfs/src/test/java/com/graphhopper/reader/gtfs/GraphExplorerTest.java,-1,0,0,3,2,0,53.85,6,3,2,7,3,2,2.0,2.0,2.0,1.0,1.0,0.0,100.0,7.0,7.0,7.0,5.0,5.0,5.0,4,3,0,1,0,0,0,0,0,0,0,4,0,0,0.0,0.0,0,0,0,0,4,0,18,5,5,5,0.0,0.0,False
graphhopper/graphhopper,https://github.com/graphhopper/graphhopper.git,9a88313e903219d1c8452ef9de985f14c312d812,"1.0-pre2, 1.0-pre3",core/src/test/java/com/graphhopper/util/PathSimplificationTest.java,3,2,2,2,1,0,100.0,6,4,3,3,2,2,,,,,,,,,,,,,,2,1,0,0,0,0,0,0,0,0,0,0,0,0,1.0,0.0,0,0,0,0,1,0,97,2,4,28,0.03,3.0,True
graphhopper/graphhopper,https://github.com/graphhopper/graphhopper.git,9a88313e903219d1c8452ef9de985f14c312d812,"1.0-pre2, 1.0-pre3",core/src/test/java/com/graphhopper/routing/PathTest.java,29,28,10,3,1,0,100.0,123,91,41,94,63,31,-54.0,-1.0,-14.0,4.0,1.0,0.0,100.0,15.0,13.0,4.0,69.0,34.0,17.0,32,29,2,0,0,0,0,0,0,0,0,1,0,0,,,3,0,0,0,29,0,697,32,44,341,0.22,152.0,True
graphhopper/graphhopper,https://github.com/graphhopper/graphhopper.git,ad58bfc6e9a45743ef7fddcb07c6fd158e7d528b,"1.0-pre1, 1.0-pre2",api/src/test/java/com/graphhopper/util/AngleCalcTest.java,28,28,28,1,1,0,100.0,31,31,31,3,3,3,13.0,13.0,13.0,1.0,1.0,0.0,100.0,14.0,14.0,14.0,1.0,1.0,1.0,11,1,0,0,0,0,0,0,0,0,0,0,0,0,7.0,40.0,3,0,0,0,10,0,97,11,12,31,,,False
graphhopper/graphhopper,https://github.com/graphhopper/graphhopper.git,ad58bfc6e9a45743ef7fddcb07c6fd158e7d528b,"1.0-pre1, 1.0-pre2",core/src/test/java/com/graphhopper/routing/template/RoundTripRoutingTemplateTest.java,-3,0,-1,3,1,0,100.0,13,10,4,16,10,5,0.0,0.0,0.0,1.0,1.0,0.0,100.0,1.0,1.0,1.0,1.0,1.0,1.0,6,2,0,0,0,0,0,0,0,0,0,0,0,0,2.0,9.0,1,0,0,0,4,0,84,6,11,37,0.19,16.0,False
graphhopper/graphhopper,https://github.com/graphhopper/graphhopper.git,ad58bfc6e9a45743ef7fddcb07c6fd158e7d528b,"1.0-pre1, 1.0-pre2",reader-osm/src/test/java/com/graphhopper/reader/osm/OSMReaderTest.java,104,104,52,2,2,0,93.94,118,114,59,14,10,7,123.0,123.0,123.0,1.0,1.0,0.0,100.0,145.0,145.0,145.0,22.0,22.0,22.0,33,20,2,0,0,0,0,0,0,0,0,2,0,0,1.0,2.0,12,2,0,1,28,0,730,46,84,375,,,False
graphhopper/graphhopper,https://github.com/graphhopper/graphhopper.git,ad58bfc6e9a45743ef7fddcb07c6fd158e7d528b,"1.0-pre1, 1.0-pre2",core/src/test/java/com/graphhopper/routing/QueryGraphTest.java,-15,-15,-15,1,1,0,100.0,46,46,46,61,61,61,6.0,6.0,6.0,1.0,1.0,0.0,100.0,6.0,6.0,6.0,0.0,0.0,0.0,32,14,2,0,0,0,0,21,0,0,0,1,0,0,19.0,121.0,10,0,0,0,21,0,541,33,55,331,0.29,156.0,True
graphhopper/graphhopper,https://github.com/graphhopper/graphhopper.git,65fbc7af6a2205b0a4e12baa79f41b6d2834f02b,"0.14.0-pre1, 1.0-pre1",reader-osm/src/test/java/com/graphhopper/reader/osm/OSMReaderTest.java,-64,-64,-64,1,1,0,100.0,10,10,10,74,74,74,-106.0,-106.0,-106.0,1.0,1.0,0.0,100.0,12.0,12.0,12.0,118.0,118.0,118.0,31,18,2,0,0,0,0,0,0,0,0,2,0,0,2.0,2.0,11,2,0,1,26,0,656,44,82,352,,,False
graphhopper/graphhopper,https://github.com/graphhopper/graphhopper.git,65fbc7af6a2205b0a4e12baa79f41b6d2834f02b,"0.14.0-pre1, 1.0-pre1",reader-osm/src/test/java/com/graphhopper/reader/osm/OSMTurnRelationTest.java,-1,-1,-1,1,1,0,100.0,6,6,6,7,7,7,164.0,164.0,164.0,1.0,1.0,0.0,100.0,164.0,164.0,164.0,0.0,0.0,0.0,1,1,0,0,0,0,0,0,0,0,0,0,0,0,1.0,0.0,1,0,0,0,1,0,47,3,8,12,,,False
graphhopper/graphhopper,https://github.com/graphhopper/graphhopper.git,9a5efe6e2b7332495709cfc42674017d7d047cfc,"0.13.0, 0.14.0-pre1",reader-osm/src/test/java/com/graphhopper/reader/osm/OSMReaderTest.java,64,64,64,1,1,0,100.0,74,74,74,10,10,10,106.0,106.0,106.0,1.0,1.0,0.0,100.0,118.0,118.0,118.0,12.0,12.0,12.0,32,19,2,0,0,0,0,0,0,0,0,2,0,0,1.0,2.0,12,2,0,1,27,0,704,45,83,364,,,False
graphhopper/graphhopper,https://github.com/graphhopper/graphhopper.git,d093043e33921b0e80aba3651fab15956d964e70,"0.13.0-pre18, 0.13.0-pre19",core/src/test/java/com/graphhopper/routing/ch/NodeBasedNodeContractorTest.java,4,4,4,1,1,0,100.0,18,18,18,14,14,14,-9.0,-9.0,-9.0,1.0,1.0,0.0,100.0,9.0,9.0,9.0,18.0,18.0,18.0,29,4,1,0,0,0,0,0,0,0,0,0,0,0,1.0,9.0,1,8,0,0,14,0,365,29,44,175,0.05,18.0,False
graphhopper/graphhopper,https://github.com/graphhopper/graphhopper.git,d093043e33921b0e80aba3651fab15956d964e70,"0.13.0-pre18, 0.13.0-pre19",core/src/test/java/com/graphhopper/routing/ch/Path4CHTest.java,0,0,0,1,1,0,100.0,16,16,16,16,16,16,,,,,,,,,,,,,,10,0,0,0,0,0,0,2,0,0,0,0,0,0,0.0,0.0,0,2,0,0,2,0,106,10,15,36,0.03,3.0,False
graphhopper/graphhopper,https://github.com/graphhopper/graphhopper.git,9fb8650714b390c72f1db433efc2c4a8f9ffa9a3,"0.13.0-pre17, 0.13.0-pre18",core/src/test/java/com/graphhopper/routing/weighting/TurnWeightingTest.java,-1,-1,-1,1,1,0,100.0,1,1,1,2,2,2,6.0,6.0,6.0,1.0,1.0,0.0,100.0,20.0,20.0,20.0,14.0,14.0,14.0,5,0,0,0,0,0,0,3,0,0,0,0,0,0,2.0,5.0,0,0,0,0,3,0,39,5,6,18,0.13,5.0,False
graphhopper/graphhopper,https://github.com/graphhopper/graphhopper.git,9fb8650714b390c72f1db433efc2c4a8f9ffa9a3,"0.13.0-pre17, 0.13.0-pre18",core/src/test/java/com/graphhopper/routing/util/DataFlagEncoderTest.java,-37,-2,-18,2,1,0,100.0,28,28,14,65,35,32,,,,,,,,,,,,,,14,8,0,1,0,0,1,0,0,0,0,5,0,0,7.0,20.0,6,0,0,0,14,0,296,21,40,126,0.2,60.0,True
graphhopper/graphhopper,https://github.com/graphhopper/graphhopper.git,3e7a773d12b366122357933e169ea603464f3cf5,"0.13.0-pre16, 0.13.0-pre17",core/src/test/java/com/graphhopper/routing/util/NameSimilarityEdgeFilterTest.java,18,18,18,1,1,0,100.0,21,21,21,3,3,3,11.0,11.0,11.0,1.0,1.0,0.0,100.0,14.0,14.0,14.0,3.0,3.0,3.0,10,8,0,0,0,0,0,0,0,0,0,0,0,0,7.0,45.0,3,0,0,0,8,0,127,12,20,36,0.4,51.0,False
graphhopper/graphhopper,https://github.com/graphhopper/graphhopper.git,03d4737983322c3588499842f2a22b291cfae0d7,"0.13.0-pre14, 0.13.0-pre16",core/src/test/java/com/graphhopper/routing/ch/NodeBasedNodeContractorTest.java,-16,-1,-5,3,1,0,100.0,10,5,3,26,16,9,,,,,,,,,,,,,,28,4,1,0,0,0,0,0,0,0,0,0,0,0,1.0,9.0,1,8,0,0,14,0,359,28,40,175,0.05,18.0,False
graphhopper/graphhopper,https://github.com/graphhopper/graphhopper.git,03d4737983322c3588499842f2a22b291cfae0d7,"0.13.0-pre14, 0.13.0-pre16",core/src/test/java/com/graphhopper/routing/util/DefaultEdgeFilterTest.java,-1,1,0,2,1,0,100.0,5,3,2,6,5,3,,,,,,,,,,,,,,2,0,1,0,0,0,0,0,0,0,0,0,0,0,1.0,0.0,0,0,0,0,1,0,32,2,3,15,0.06,2.0,True
graphhopper/graphhopper,https://github.com/graphhopper/graphhopper.git,03d4737983322c3588499842f2a22b291cfae0d7,"0.13.0-pre14, 0.13.0-pre16",core/src/test/java/com/graphhopper/routing/DijkstraBidirectionCHTest.java,-10,-4,-5,2,1,0,100.0,11,9,6,21,13,10,,,,,,,,,,,,,,11,4,1,0,0,0,0,0,0,0,0,3,0,0,3.0,9.0,1,2,0,0,6,0,151,11,19,103,0.15,22.0,False
graphhopper/graphhopper,https://github.com/graphhopper/graphhopper.git,03d4737983322c3588499842f2a22b291cfae0d7,"0.13.0-pre14, 0.13.0-pre16",core/src/test/java/com/graphhopper/routing/ch/CHAlgoFactoryDecoratorTest.java,-13,-13,-13,1,1,0,100.0,45,45,45,58,58,58,-2.0,-2.0,-2.0,1.0,1.0,0.0,100.0,87.0,87.0,87.0,89.0,89.0,89.0,8,1,1,0,0,0,0,6,0,0,0,0,0,0,5.0,23.0,0,0,0,0,6,0,74,8,15,28,0.04,3.0,True
graphhopper/graphhopper,https://github.com/graphhopper/graphhopper.git,03d4737983322c3588499842f2a22b291cfae0d7,"0.13.0-pre14, 0.13.0-pre16",core/src/test/java/com/graphhopper/routing/ch/EdgeBasedNodeContractorTest.java,-13,-13,-13,1,1,0,100.0,8,8,8,21,21,21,,,,,,,,,,,,,,84,0,0,0,0,0,0,0,0,0,0,0,0,0,1.0,0.0,0,61,0,0,62,0,903,84,107,395,0.0,3.0,True
graphhopper/graphhopper,https://github.com/graphhopper/graphhopper.git,03d4737983322c3588499842f2a22b291cfae0d7,"0.13.0-pre14, 0.13.0-pre16",core/src/test/java/com/graphhopper/routing/ch/PrepareContractionHierarchiesTest.java,-1,3,0,3,1,0,100.0,56,35,19,57,32,19,2.0,2.0,2.0,1.0,1.0,0.0,100.0,17.0,17.0,17.0,15.0,15.0,15.0,33,7,2,0,0,0,0,13,0,0,0,0,0,0,4.0,17.0,0,2,0,0,16,0,461,37,59,216,0.08,39.0,True
graphhopper/graphhopper,https://github.com/graphhopper/graphhopper.git,03d4737983322c3588499842f2a22b291cfae0d7,"0.13.0-pre14, 0.13.0-pre16",reader-osm/src/test/java/com/graphhopper/reader/osm/GraphHopperOSMTest.java,0,0,0,1,1,0,100.0,18,18,18,18,18,18,,,,,,,,,,,,,,30,25,4,0,0,0,8,0,0,0,0,1,0,0,0.0,0.0,8,1,0,4,27,0,650,44,98,458,,,False
graphhopper/graphhopper,https://github.com/graphhopper/graphhopper.git,03d4737983322c3588499842f2a22b291cfae0d7,"0.13.0-pre14, 0.13.0-pre16",core/src/test/java/com/graphhopper/routing/util/NameSimilarityEdgeFilterTest.java,-2,-2,-2,1,1,0,100.0,5,5,5,7,7,7,6.0,6.0,6.0,1.0,1.0,0.0,100.0,8.0,8.0,8.0,2.0,2.0,2.0,9,7,0,0,0,0,0,0,0,0,0,0,0,0,7.0,43.0,3,0,0,0,7,0,117,11,19,32,0.37,43.0,True
graphhopper/graphhopper,https://github.com/graphhopper/graphhopper.git,b6ebc9b9e09a8865e1e8f9109f710e0b68baecc6,"0.13.0-pre13, 0.13.0-pre14",core/src/test/java/com/graphhopper/routing/DijkstraBidirectionCHTest.java,-1,-1,-1,1,1,0,100.0,4,4,4,5,5,5,,,,,,,,,,,,,,11,4,1,0,0,0,0,0,0,0,0,3,0,0,3.0,9.0,1,2,0,0,6,0,157,11,19,104,0.14,22.0,False
graphhopper/graphhopper,https://github.com/graphhopper/graphhopper.git,b6ebc9b9e09a8865e1e8f9109f710e0b68baecc6,"0.13.0-pre13, 0.13.0-pre14",core/src/test/java/com/graphhopper/storage/GraphHopperStorageTest.java,-1,-1,-1,1,1,0,100.0,8,8,8,9,9,9,-6.0,-6.0,-6.0,1.0,1.0,0.0,100.0,20.0,20.0,20.0,26.0,26.0,26.0,15,7,0,0,0,0,4,0,0,0,0,1,0,0,12.0,56.0,3,1,0,0,12,0,234,28,45,127,0.25,58.0,False
graphhopper/graphhopper,https://github.com/graphhopper/graphhopper.git,405ea0800bf6366a42f160918e831fbdf7e6fb48,"0.13.0-pre12, 0.13.0-pre13",reader-osm/src/test/java/com/graphhopper/reader/osm/GraphHopperOSMTest.java,68,68,68,1,1,0,100.0,69,69,69,1,1,1,,,,,,,,,,,,,,30,25,4,0,0,0,8,0,0,0,0,1,0,0,0.0,0.0,8,1,0,4,27,0,650,44,98,456,,,False
graphhopper/graphhopper,https://github.com/graphhopper/graphhopper.git,653b108dfab2eed33483f6520b0f4ca1b1a5bc59,"0.13.0-pre8, 0.13.0-pre9",reader-osm/src/test/java/com/graphhopper/reader/osm/GraphHopperOSMTest.java,7,7,7,1,1,0,100.0,8,8,8,1,1,1,,,,,,,,,,,,,,29,24,4,0,0,0,7,0,0,0,0,1,0,0,0.0,0.0,8,1,0,4,26,0,613,42,94,437,,,False
graphhopper/graphhopper,https://github.com/graphhopper/graphhopper.git,0f7ed2bd287535c2ba79fe0511ee1ab763abfab4,"0.13.0-pre6, 0.13.0-pre7",core/src/test/java/com/graphhopper/routing/AStarBidirectionTest.java,10,10,10,1,1,0,100.0,15,15,15,5,5,5,,,,,,,,,,,,,,3,0,0,1,0,0,0,0,0,0,0,0,0,0,0.0,0.0,0,0,0,0,1,0,51,6,11,15,0.08,4.0,True
graphhopper/graphhopper,https://github.com/graphhopper/graphhopper.git,0f7ed2bd287535c2ba79fe0511ee1ab763abfab4,"0.13.0-pre6, 0.13.0-pre7",core/src/test/java/com/graphhopper/routing/AStarTest.java,10,10,10,1,1,0,100.0,17,17,17,7,7,7,,,,,,,,,,,,,,2,0,0,1,0,0,0,0,0,0,0,0,0,0,0.0,0.0,0,0,0,0,0,0,30,4,9,7,0.0,0.0,True
graphhopper/graphhopper,https://github.com/graphhopper/graphhopper.git,0f7ed2bd287535c2ba79fe0511ee1ab763abfab4,"0.13.0-pre6, 0.13.0-pre7",core/src/test/java/com/graphhopper/routing/AlternativeRouteTest.java,-2,-2,-2,1,1,0,100.0,11,11,11,13,13,13,,,,,,,,,,,,,,6,3,0,1,0,0,0,0,0,0,0,0,0,0,3.0,14.0,0,0,0,0,3,0,94,7,12,47,0.15,14.0,False
graphhopper/graphhopper,https://github.com/graphhopper/graphhopper.git,0f7ed2bd287535c2ba79fe0511ee1ab763abfab4,"0.13.0-pre6, 0.13.0-pre7",core/src/test/java/com/graphhopper/routing/DijkstraBidirectionRefTest.java,10,10,10,1,1,0,100.0,15,15,15,5,5,5,,,,,,,,,,,,,,2,0,0,1,0,0,0,0,0,0,0,0,0,0,0.0,0.0,0,0,0,0,0,0,30,4,9,7,0.0,0.0,True
graphhopper/graphhopper,https://github.com/graphhopper/graphhopper.git,0f7ed2bd287535c2ba79fe0511ee1ab763abfab4,"0.13.0-pre6, 0.13.0-pre7",core/src/test/java/com/graphhopper/routing/DijkstraTest.java,10,10,10,1,1,0,100.0,15,15,15,5,5,5,1.0,1.0,1.0,1.0,1.0,0.0,100.0,3.0,3.0,3.0,2.0,2.0,2.0,2,0,0,1,0,0,0,0,0,0,0,0,0,0,0.0,0.0,0,0,0,0,0,0,30,4,9,7,0.0,0.0,True
graphhopper/graphhopper,https://github.com/graphhopper/graphhopper.git,a8c654b05b2df1df0bf89f5dc2e17ee48bf2e1eb,"0.13.0-pre5, 0.13.0-pre6",core/src/test/java/com/graphhopper/routing/profiles/DefaultEncodedValueFactoryTest.java,0,0,0,1,1,0,100.0,1,1,1,1,1,1,,,,,,,,,,,,,,3,0,0,0,0,0,0,0,0,0,0,0,0,0,0.0,3.0,0,0,0,0,3,0,18,3,3,9,0.17,3.0,False
graphhopper/graphhopper,https://github.com/graphhopper/graphhopper.git,3b9c0335aed6ade2aa74cb88fe8cdd98974bd145,"0.13.0-pre4, 0.13.0-pre5",core/src/test/java/com/graphhopper/routing/ch/PrepareContractionHierarchiesTest.java,9,6,2,4,2,1,96.61,34,21,8,25,15,6,,,,,,,,,,,,,,32,7,2,0,0,0,0,13,0,0,0,0,0,0,4.0,14.0,0,2,0,0,16,0,467,36,57,213,0.08,39.0,False
graphhopper/graphhopper,https://github.com/graphhopper/graphhopper.git,3b9c0335aed6ade2aa74cb88fe8cdd98974bd145,"0.13.0-pre4, 0.13.0-pre5",core/src/test/java/com/graphhopper/routing/util/DataFlagEncoderTest.java,18,18,18,1,1,0,100.0,148,148,148,130,130,130,-494.0,-494.0,-494.0,1.0,1.0,0.0,100.0,41.0,41.0,41.0,535.0,535.0,535.0,18,8,0,1,0,0,1,0,0,0,0,5,0,0,7.0,20.0,8,0,0,0,18,0,333,25,44,132,0.26,86.0,True
graphhopper/graphhopper,https://github.com/graphhopper/graphhopper.git,3b9c0335aed6ade2aa74cb88fe8cdd98974bd145,"0.13.0-pre4, 0.13.0-pre5",core/src/test/java/com/graphhopper/routing/util/spatialrules/SpatialRuleLookupArrayTest.java,0,0,0,1,1,0,100.0,10,10,10,10,10,10,,,,,,,,,,,,,,9,6,0,0,0,0,0,0,0,0,0,0,0,0,6.0,29.0,0,0,0,0,7,0,128,15,26,43,0.24,31.0,False
graphhopper/graphhopper,https://github.com/graphhopper/graphhopper.git,2f8072dd866018fe0ee5e3a36ac3ef2e72cf06f1,"0.13.0-pre3, 0.13.0-pre4",core/src/test/java/com/graphhopper/routing/subnetwork/PrepareRoutingSubnetworksTest.java,-1,-1,-1,1,1,0,100.0,6,6,6,7,7,7,-11.0,-11.0,-11.0,1.0,1.0,0.0,100.0,5.0,5.0,5.0,16.0,16.0,16.0,17,8,1,0,0,0,0,0,0,0,0,0,0,0,7.0,24.0,1,0,0,0,10,0,250,17,30,127,0.15,38.0,False
graphhopper/graphhopper,https://github.com/graphhopper/graphhopper.git,559f7c3cd1fad2bdf4426245880daf6c99d36686,"0.13.0-pre2, 0.13.0-pre3",reader-gtfs/src/test/java/com/graphhopper/reader/gtfs/GraphExplorerTest.java,1,1,1,1,1,0,100.0,22,22,22,21,21,21,-47.0,-47.0,-47.0,1.0,1.0,0.0,100.0,3.0,3.0,3.0,50.0,50.0,50.0,4,3,0,1,0,0,0,0,0,0,0,4,0,0,0.0,0.0,0,0,0,0,4,0,18,5,5,2,0.0,0.0,True
graphhopper/graphhopper,https://github.com/graphhopper/graphhopper.git,559f7c3cd1fad2bdf4426245880daf6c99d36686,"0.13.0-pre2, 0.13.0-pre3",core/src/test/java/com/graphhopper/storage/ShortcutUnpackerTest.java,338,189,169,2,1,0,100.0,373,189,186,35,35,18,125.0,97.0,62.0,2.0,1.0,0.0,100.0,166.0,97.0,83.0,41.0,41.0,20.0,7,2,1,1,0,0,0,3,0,0,0,0,0,0,,,3,0,0,0,3,0,253,8,15,47,0.25,64.0,True
graphhopper/graphhopper,https://github.com/graphhopper/graphhopper.git,e1c8d2278646a8ce92551d976804f166b6f646bb,"0.13.0-pre1, 0.13.0-pre2",core/src/test/java/com/graphhopper/routing/PathBidirRefTest.java,0,0,0,1,1,0,100.0,28,28,28,28,28,28,0.0,0.0,0.0,1.0,1.0,0.0,100.0,1.0,1.0,1.0,1.0,1.0,1.0,3,2,0,0,0,0,0,0,0,0,0,0,0,0,2.0,6.0,0,0,0,0,2,0,39,3,4,21,0.15,6.0,False
graphhopper/graphhopper,https://github.com/graphhopper/graphhopper.git,e1c8d2278646a8ce92551d976804f166b6f646bb,"0.13.0-pre1, 0.13.0-pre2",core/src/test/java/com/graphhopper/routing/ch/NodeBasedNodeContractorTest.java,33,32,11,3,1,0,100.0,37,34,12,4,2,1,3.0,3.0,3.0,1.0,1.0,0.0,100.0,8.0,8.0,8.0,5.0,5.0,5.0,27,3,1,0,0,0,0,0,0,0,0,0,0,0,1.0,9.0,1,8,0,0,13,0,327,27,38,160,0.05,15.0,True
graphhopper/graphhopper,https://github.com/graphhopper/graphhopper.git,e1c8d2278646a8ce92551d976804f166b6f646bb,"0.13.0-pre1, 0.13.0-pre2",core/src/test/java/com/graphhopper/routing/PathTest.java,11,11,11,1,1,0,100.0,77,77,77,66,66,66,,,,,,,,,,,,,,31,29,2,0,0,0,0,0,0,1,0,1,0,0,,,3,0,0,0,29,0,676,31,42,344,0.22,152.0,True
graphhopper/graphhopper,https://github.com/graphhopper/graphhopper.git,90226f432c4e0e7a880366db26dbe99445f05d65,"0.12.0-pre5, 0.12.0-pre6",reader-osm/src/test/java/com/graphhopper/reader/osm/OSMReaderTest.java,-1,-1,-1,1,1,0,100.0,7,7,7,8,8,8,,,,,,,,,,,,,,31,17,2,0,0,0,0,0,0,0,0,1,0,0,2.0,0.0,11,2,0,1,25,0,634,43,76,325,,,False
graphhopper/graphhopper,https://github.com/graphhopper/graphhopper.git,90226f432c4e0e7a880366db26dbe99445f05d65,"0.12.0-pre5, 0.12.0-pre6",core/src/test/java/com/graphhopper/routing/ch/EdgeBasedNodeContractorTest.java,-1,-1,-1,1,1,0,100.0,0,0,0,1,1,1,,,,,,,,,,,,,,85,0,0,0,0,0,0,0,0,0,0,0,0,0,1.0,0.0,0,61,0,0,62,0,909,85,109,398,0.0,3.0,True
graphhopper/graphhopper,https://github.com/graphhopper/graphhopper.git,90226f432c4e0e7a880366db26dbe99445f05d65,"0.12.0-pre5, 0.12.0-pre6",core/src/test/java/com/graphhopper/routing/ch/NodeBasedNodeContractorTest.java,111,111,111,1,1,0,100.0,117,117,117,6,6,6,,,,,,,,,,,,,,24,3,1,0,0,0,0,0,0,0,0,0,0,0,0.0,7.0,1,7,0,0,12,0,303,24,34,149,0.05,15.0,True
graphhopper/graphhopper,https://github.com/graphhopper/graphhopper.git,2d93aa07f733f0acb47e33a13823a23fe4ae2667,"0.12.0-pre2, 0.12.0-pre3",core/src/test/java/com/graphhopper/routing/ch/WitnessPathSearcherTest.java,1,1,0,2,2,0,71.43,4,3,2,3,2,2,2.0,3.0,0.0,7.0,2.0,0.0,63.27,50.0,31.0,7.0,48.0,31.0,7.0,8,0,0,0,0,0,0,4,0,0,0,0,0,0,4.0,8.0,0,0,0,0,4,0,106,8,12,41,0.08,9.0,False
graphhopper/graphhopper,https://github.com/graphhopper/graphhopper.git,2d93aa07f733f0acb47e33a13823a23fe4ae2667,"0.12.0-pre2, 0.12.0-pre3",reader-osm/src/test/java/com/graphhopper/reader/osm/GraphHopperOSMTest.java,0,0,0,5,2,0,68.42,38,26,8,38,26,8,,,,,,,,,,,,,,28,23,3,0,0,0,7,0,0,0,0,1,0,0,0.0,0.0,7,1,0,4,25,0,572,37,81,401,,,True
graphhopper/graphhopper,https://github.com/graphhopper/graphhopper.git,2d93aa07f733f0acb47e33a13823a23fe4ae2667,"0.12.0-pre2, 0.12.0-pre3",core/src/test/java/com/graphhopper/routing/DijkstraBidirectionCHTest.java,6,4,1,6,2,0,50.0,33,14,6,27,10,4,0.0,0.0,0.0,1.0,1.0,0.0,100.0,1.0,1.0,1.0,1.0,1.0,1.0,11,4,1,0,0,0,0,0,0,0,0,3,0,0,3.0,9.0,1,2,0,0,6,0,157,11,19,104,0.14,22.0,False
graphhopper/graphhopper,https://github.com/graphhopper/graphhopper.git,2d93aa07f733f0acb47e33a13823a23fe4ae2667,"0.12.0-pre2, 0.12.0-pre3",core/src/test/java/com/graphhopper/routing/QueryGraphTest.java,2,2,1,2,1,0,100.0,28,26,14,26,24,13,8.0,5.0,3.0,3.0,2.0,0.0,68.75,20.0,10.0,7.0,12.0,12.0,4.0,26,11,0,0,0,0,0,17,0,0,0,1,0,0,15.0,87.0,8,0,0,0,17,0,447,27,43,258,0.26,117.0,False
graphhopper/graphhopper,https://github.com/graphhopper/graphhopper.git,2d93aa07f733f0acb47e33a13823a23fe4ae2667,"0.12.0-pre2, 0.12.0-pre3",core/src/test/java/com/graphhopper/routing/ch/EdgeBasedNodeContractorTest.java,3,6,1,5,2,0,80.0,19,10,4,16,8,3,-11.0,6.0,-1.0,10.0,3.0,1.0,72.27,54.0,15.0,5.0,65.0,22.0,6.0,85,0,0,0,0,0,0,0,0,0,0,0,0,0,1.0,0.0,0,60,1,0,61,0,909,85,109,398,0.0,3.0,True
graphhopper/graphhopper,https://github.com/graphhopper/graphhopper.git,2d93aa07f733f0acb47e33a13823a23fe4ae2667,"0.12.0-pre2, 0.12.0-pre3",core/src/test/java/com/graphhopper/routing/ch/NodeBasedNodeContractorTest.java,-8,6,-1,6,2,0,65.62,28,23,5,36,17,6,-6.0,0.0,-1.0,5.0,2.0,0.0,55.56,15.0,5.0,3.0,21.0,11.0,4.0,18,1,0,0,0,0,0,0,0,0,0,0,0,0,0.0,7.0,1,7,0,0,10,0,229,18,25,116,0.03,7.0,True
graphhopper/graphhopper,https://github.com/graphhopper/graphhopper.git,2d93aa07f733f0acb47e33a13823a23fe4ae2667,"0.12.0-pre2, 0.12.0-pre3",core/src/test/java/com/graphhopper/routing/ch/PrepareContractionHierarchiesTest.java,125,98,18,7,2,0,81.1,208,104,30,83,19,12,71.0,69.0,12.0,6.0,1.0,0.0,100.0,166.0,125.0,28.0,95.0,56.0,16.0,28,7,2,0,0,0,0,12,0,0,0,0,0,0,3.0,12.0,0,2,0,0,15,0,396,30,42,170,0.09,35.0,True
graphhopper/graphhopper,https://github.com/graphhopper/graphhopper.git,2d93aa07f733f0acb47e33a13823a23fe4ae2667,"0.12.0-pre2, 0.12.0-pre3",core/src/test/java/com/graphhopper/routing/ch/PrepareEncoderTest.java,0,0,0,1,1,0,100.0,3,3,3,3,3,3,0.0,0.0,0.0,1.0,1.0,0.0,100.0,7.0,7.0,7.0,7.0,7.0,7.0,1,1,0,0,0,0,0,0,0,0,0,0,0,0,1.0,0.0,0,0,0,0,1,0,19,1,2,4,0.47,9.0,False
graphhopper/graphhopper,https://github.com/graphhopper/graphhopper.git,2d93aa07f733f0acb47e33a13823a23fe4ae2667,"0.12.0-pre2, 0.12.0-pre3",core/src/test/java/com/graphhopper/routing/lm/PrepareLandmarksTest.java,6,6,3,2,1,0,100.0,12,11,6,6,5,3,,,,,,,,,,,,,,3,2,1,0,0,0,0,2,0,0,0,2,0,0,2.0,5.0,2,0,0,1,2,0,94,3,6,39,0.2,19.0,True
graphhopper/graphhopper,https://github.com/graphhopper/graphhopper.git,2d93aa07f733f0acb47e33a13823a23fe4ae2667,"0.12.0-pre2, 0.12.0-pre3",core/src/test/java/com/graphhopper/routing/util/DataFlagEncoderTest.java,1,2,0,3,1,0,100.0,91,58,30,90,56,30,-109.0,-1.0,-54.0,2.0,1.0,0.0,100.0,120.0,104.0,60.0,229.0,212.0,114.0,18,8,0,1,0,0,1,0,0,0,0,1,0,0,12.0,93.0,8,0,0,0,18,0,317,24,42,135,0.27,87.0,False
graphhopper/graphhopper,https://github.com/graphhopper/graphhopper.git,2d93aa07f733f0acb47e33a13823a23fe4ae2667,"0.12.0-pre2, 0.12.0-pre3",core/src/test/java/com/graphhopper/routing/util/FootFlagEncoderTest.java,5,5,2,3,1,0,100.0,96,58,32,91,53,30,-15.0,-1.0,-8.0,2.0,1.0,0.0,100.0,49.0,29.0,24.0,64.0,43.0,32.0,15,11,0,0,0,0,0,0,0,0,0,0,0,0,9.0,46.0,7,0,0,0,15,0,309,15,18,100,0.28,88.0,False
graphhopper/graphhopper,https://github.com/graphhopper/graphhopper.git,2d93aa07f733f0acb47e33a13823a23fe4ae2667,"0.12.0-pre2, 0.12.0-pre3",core/src/test/java/com/graphhopper/routing/util/MotorcycleFlagEncoderTest.java,-27,0,-9,3,1,0,100.0,45,24,15,72,48,24,-85.0,0.0,-42.0,2.0,1.0,0.0,100.0,50.0,35.0,25.0,135.0,120.0,68.0,6,3,0,0,0,0,0,0,0,0,0,0,0,0,2.0,17.0,3,0,0,0,4,0,115,6,10,55,0.23,27.0,True
graphhopper/graphhopper,https://github.com/graphhopper/graphhopper.git,2d93aa07f733f0acb47e33a13823a23fe4ae2667,"0.12.0-pre2, 0.12.0-pre3",core/src/test/java/com/graphhopper/routing/util/MountainBikeFlagEncoderTest.java,2,2,1,2,1,0,100.0,25,15,12,23,13,12,1.0,1.0,1.0,1.0,1.0,0.0,100.0,4.0,4.0,4.0,3.0,3.0,3.0,6,5,0,0,0,0,0,0,0,0,0,0,0,0,1.0,0.0,5,0,0,0,5,0,143,6,7,31,0.31,45.0,False
graphhopper/graphhopper,https://github.com/graphhopper/graphhopper.git,2d93aa07f733f0acb47e33a13823a23fe4ae2667,"0.12.0-pre2, 0.12.0-pre3",core/src/test/java/com/graphhopper/routing/util/RacingBikeFlagEncoderTest.java,11,14,6,2,1,0,100.0,54,42,27,43,28,22,,,,,,,,,,,,,,8,3,0,0,0,0,0,0,0,0,0,0,0,0,0.0,0.0,4,0,0,0,7,0,189,8,9,43,0.33,63.0,False
graphhopper/graphhopper,https://github.com/graphhopper/graphhopper.git,2d93aa07f733f0acb47e33a13823a23fe4ae2667,"0.12.0-pre2, 0.12.0-pre3",core/src/test/java/com/graphhopper/routing/weighting/FastestWeightingTest.java,3,3,2,2,1,0,100.0,19,17,10,16,14,8,0.0,0.0,0.0,1.0,1.0,0.0,100.0,3.0,3.0,3.0,3.0,3.0,3.0,4,1,0,0,0,0,0,0,0,0,0,0,0,0,4.0,8.0,2,0,0,0,4,0,44,4,4,30,0.2,9.0,False
graphhopper/graphhopper,https://github.com/graphhopper/graphhopper.git,2d93aa07f733f0acb47e33a13823a23fe4ae2667,"0.12.0-pre2, 0.12.0-pre3",core/src/test/java/com/graphhopper/storage/GraphHopperStorageTest.java,61,61,15,4,1,0,100.0,90,64,22,29,25,7,20.0,8.0,3.0,6.0,3.0,1.0,59.09,43.0,21.0,7.0,23.0,18.0,4.0,15,7,0,0,0,0,4,0,0,0,0,1,0,0,12.0,56.0,3,1,0,0,12,0,235,28,46,128,0.25,58.0,True
graphhopper/graphhopper,https://github.com/graphhopper/graphhopper.git,2d93aa07f733f0acb47e33a13823a23fe4ae2667,"0.12.0-pre2, 0.12.0-pre3",reader-osm/src/test/java/com/graphhopper/reader/osm/OSMReaderTest.java,78,29,13,6,2,0,80.62,119,30,20,41,24,7,44.0,17.0,6.0,8.0,2.0,1.0,98.44,86.0,35.0,11.0,42.0,18.0,5.0,31,17,2,0,0,0,0,0,0,0,0,1,0,0,2.0,0.0,11,2,0,1,25,0,635,43,76,326,,,True
graphhopper/graphhopper,https://github.com/graphhopper/graphhopper.git,2d93aa07f733f0acb47e33a13823a23fe4ae2667,"0.12.0-pre2, 0.12.0-pre3",core/src/test/java/com/graphhopper/routing/util/Bike2WeightFlagEncoderTest.java,3,2,2,2,1,0,100.0,26,23,13,23,21,12,-95.0,-95.0,-95.0,1.0,1.0,0.0,100.0,17.0,17.0,17.0,112.0,112.0,112.0,7,2,0,0,0,0,0,0,0,0,0,0,0,0,0.0,2.0,1,0,0,0,4,0,69,7,11,46,0.16,11.0,True
graphhopper/graphhopper,https://github.com/graphhopper/graphhopper.git,2d93aa07f733f0acb47e33a13823a23fe4ae2667,"0.12.0-pre2, 0.12.0-pre3",core/src/test/java/com/graphhopper/routing/util/BikeFlagEncoderTest.java,-7,0,-2,3,1,0,100.0,106,75,35,113,77,38,-1.0,-1.0,-1.0,1.0,1.0,0.0,100.0,0.0,0.0,0.0,1.0,1.0,1.0,14,9,0,0,0,0,1,0,0,0,1,0,0,0,0.0,0.0,9,0,0,0,13,0,511,14,18,86,0.35,177.0,False
graphhopper/graphhopper,https://github.com/graphhopper/graphhopper.git,2d93aa07f733f0acb47e33a13823a23fe4ae2667,"0.12.0-pre2, 0.12.0-pre3",core/src/test/java/com/graphhopper/routing/util/CarFlagEncoderTest.java,10,10,3,3,1,0,100.0,202,136,67,192,126,64,1.0,1.0,0.0,2.0,1.0,0.0,100.0,50.0,35.0,25.0,49.0,34.0,24.0,21,12,0,0,0,0,3,0,0,0,3,0,0,0,9.0,75.0,11,0,0,0,21,0,471,21,31,138,0.28,132.0,True
graphhopper/graphhopper,https://github.com/graphhopper/graphhopper.git,2d93aa07f733f0acb47e33a13823a23fe4ae2667,"0.12.0-pre2, 0.12.0-pre3",core/src/test/java/com/graphhopper/routing/util/EncodingManagerTest.java,39,30,13,3,1,0,100.0,90,49,30,51,20,17,189.0,72.0,63.0,3.0,1.0,0.0,100.0,307.0,115.0,102.0,118.0,64.0,39.0,12,7,1,0,0,0,2,0,0,0,2,1,0,0,9.0,48.0,4,1,0,0,12,0,206,22,43,71,0.21,43.0,False
graphhopper/graphhopper,https://github.com/graphhopper/graphhopper.git,d7396f9c7f1400dc28fd1059c28d26ecbc1a26c1,"0.11.0-pre4, 0.11.0-pre5",core/src/test/java/com/graphhopper/routing/ch/PrepareContractionHierarchiesTest.java,0,0,0,1,1,0,100.0,1,1,1,1,1,1,-69.0,-69.0,-69.0,1.0,1.0,0.0,100.0,77.0,77.0,77.0,146.0,146.0,146.0,22,6,1,0,0,0,0,1,0,0,0,0,0,0,5.0,16.0,0,2,0,0,12,0,343,22,28,132,0.08,29.0,False
graphhopper/graphhopper,https://github.com/graphhopper/graphhopper.git,d7396f9c7f1400dc28fd1059c28d26ecbc1a26c1,"0.11.0-pre4, 0.11.0-pre5",reader-osm/src/test/java/com/graphhopper/reader/osm/GraphHopperOSMTest.java,0,0,0,1,1,0,100.0,3,3,3,3,3,3,,,,,,,,,,,,,,28,23,3,0,0,0,7,0,0,0,7,1,0,0,0.0,0.0,7,1,0,4,25,0,572,37,81,377,,,False
graphhopper/graphhopper,https://github.com/graphhopper/graphhopper.git,53f42a134007c2e5189f1bc52fa96d02ed8046ea,"0.11.0-pre3, 0.11.0-pre4",core/src/test/java/com/graphhopper/routing/util/NameSimilarityEdgeFilterTest.java,-58,-58,-58,1,1,0,100.0,45,45,45,103,103,103,29.0,29.0,29.0,1.0,1.0,0.0,100.0,43.0,43.0,43.0,14.0,14.0,14.0,9,6,0,0,0,0,0,0,0,0,0,0,0,0,6.0,40.0,3,0,0,0,6,0,117,12,21,33,0.36,42.0,True
graphhopper/graphhopper,https://github.com/graphhopper/graphhopper.git,94a5972a983b3d888127030719ba161b595eb6ff,"0.10.alpha3, 0.10.alpha4",core/src/test/java/com/graphhopper/routing/ch/PrepareContractionHierarchiesTest.java,-184,-184,-184,1,1,0,100.0,6,6,6,190,190,190,-345.0,-345.0,-345.0,1.0,1.0,0.0,100.0,102.0,102.0,102.0,447.0,447.0,447.0,22,6,1,0,0,0,0,1,0,0,0,0,0,0,5.0,16.0,0,2,0,0,12,0,343,22,28,132,0.08,29.0,True
graphhopper/graphhopper,https://github.com/graphhopper/graphhopper.git,94a5972a983b3d888127030719ba161b595eb6ff,"0.10.alpha3, 0.10.alpha4",core/src/test/java/com/graphhopper/reader/dem/MultiSourceElevationProviderTest.java,36,36,36,1,1,0,100.0,43,43,43,7,7,7,-6.0,-6.0,-6.0,1.0,1.0,0.0,100.0,27.0,27.0,27.0,33.0,33.0,33.0,3,0,0,0,0,0,0,0,0,0,0,0,0,0,1.0,0.0,1,0,0,0,1,0,47,5,8,5,0.45,21.0,True
graphhopper/graphhopper,https://github.com/graphhopper/graphhopper.git,64f05ca9697debe7408dfaa4ccf093879fbe1008,"0.10.alpha1, 0.10.alpha2-android",core/src/test/java/com/graphhopper/reader/dem/HeightTileTest.java,1,1,1,1,1,0,100.0,14,14,14,13,13,13,4.0,4.0,4.0,1.0,1.0,0.0,100.0,20.0,20.0,20.0,16.0,16.0,16.0,4,0,0,0,0,0,0,0,0,0,0,0,0,0,3.0,30.0,2,0,0,0,3,0,71,4,5,23,0.38,27.0,False
graphhopper/graphhopper,https://github.com/graphhopper/graphhopper.git,64f05ca9697debe7408dfaa4ccf093879fbe1008,"0.10.alpha1, 0.10.alpha2-android",core/src/test/java/com/graphhopper/routing/ch/PrepareContractionHierarchiesTest.java,-184,-184,-184,1,1,0,100.0,6,6,6,190,190,190,-416.0,-71.0,-208.0,2.0,1.0,0.0,100.0,107.0,102.0,54.0,523.0,447.0,262.0,22,6,1,0,0,0,0,1,0,0,0,0,0,0,5.0,16.0,0,2,0,0,12,0,343,22,28,132,0.08,29.0,True
graphhopper/graphhopper,https://github.com/graphhopper/graphhopper.git,64f05ca9697debe7408dfaa4ccf093879fbe1008,"0.10.alpha1, 0.10.alpha2-android",core/src/test/java/com/graphhopper/reader/dem/MultiSourceElevationProviderTest.java,91,55,46,2,2,0,52.38,98,55,49,7,7,4,102.0,108.0,51.0,2.0,2.0,0.0,64.29,135.0,108.0,68.0,33.0,33.0,16.0,3,0,0,0,0,0,0,0,0,0,0,0,0,0,1.0,0.0,1,0,0,0,1,0,47,5,8,5,0.45,21.0,True
